sample,fastq1,fastq2,primer_5,primer_3,region,Batch_ID,overlap
G1,G1_L001_R1_001.fastq.gz,G1_L001_R2_001.fastq.gz,GAAKRGTTYGATYNTGGCTCAG,ACGTNTBACCGCDGCTGCTG,V13,run6,50
G1,G1_L001_R1_001.fastq.gz,G1_L001_R2_001.fastq.gz,GAGTGCCAGCMGCCGCGGTAA,ACGGACTACHVGGGTWTCTAAT,V45,run8,50
G3,G3_L001_R1_001.fastq.gz,G3_L001_R2_001.fastq.gz,GAAKRGTTYGATYNTGGCTCAG,ACGTNTBACCGCDGCTGCTG,V13,run5,50
G3,G3_L001_R1_001.fastq.gz,G3_L001_R2_001.fastq.gz,GAGTGCCAGCMGCCGCGGTAA,ACGGACTACHVGGGTWTCTAAT,V45,run5,50
G5,G5_L001_R1_001.fastq.gz,G5_L001_R2_001.fastq.gz,GAAKRGTTYGATYNTGGCTCAG,ACGTNTBACCGCDGCTGCTG,V13,run6,50
G6,G6_L001_R1_001.fastq.gz,G6_L001_R2_001.fastq.gz,GAAKRGTTYGATYNTGGCTCAG,ACGTNTBACCGCDGCTGCTG,V13,run6,50
G7,G7_L001_R1_001.fastq.gz,G7_L001_R2_001.fastq.gz,GAAKRGTTYGATYNTGGCTCAG,ACGTNTBACCGCDGCTGCTG,V13,run8,50
G8,G8_L001_R1_001.fastq.gz,G8_L001_R2_001.fastq.gz,GAAKRGTTYGATYNTGGCTCAG,ACGTNTBACCGCDGCTGCTG,V13,run8,50
G9,G9_L001_R1_001.fastq.gz,G9_L001_R2_001.fastq.gz,GAAKRGTTYGATYNTGGCTCAG,ACGTNTBACCGCDGCTGCTG,V13,run6,50
G10,G10_L001_R1_001.fastq.gz,G10_L001_R2_001.fastq.gz,GAAKRGTTYGATYNTGGCTCAG,ACGTNTBACCGCDGCTGCTG,V13,run6,50