SampleID,Forward_file,Reverse_file,Forward_primer,Reverse_primer,Batch_ID
G101GD,G101GD_V1_49_S49_L001_R1_001.fastq.gz,G101GD_V1_49_S49_L001_R2_001.fastq.gz,GAAKRGTTYGATYNTGGCTCAG,ACGTNTBACCGCDGCTGCTG,run6
G101GH,G101GH_V1_23_S23_L001_R1_001.fastq.gz,G101GH_V1_23_S23_L001_R2_001.fastq.gz,GAAKRGTTYGATYNTGGCTCAG,ACGTNTBACCGCDGCTGCTG,run8
G101PD,G101PD_V1_18_S18_L001_R1_001.fastq.gz,G101PD_V1_18_S18_L001_R2_001.fastq.gz,GAAKRGTTYGATYNTGGCTCAG,ACGTNTBACCGCDGCTGCTG,run5
G101PH,G101PH_V1_24_S24_L001_R1_001.fastq.gz,G101PH_V1_24_S24_L001_R2_001.fastq.gz,GAAKRGTTYGATYNTGGCTCAG,ACGTNTBACCGCDGCTGCTG,run5
G101TD,G101TD_V1_6_S6_L001_R1_001.fastq.gz,G101TD_V1_6_S6_L001_R2_001.fastq.gz,GAAKRGTTYGATYNTGGCTCAG,ACGTNTBACCGCDGCTGCTG,run6
G101TH,G101TH_V1_12_S12_L001_R1_001.fastq.gz,G101TH_V1_12_S12_L001_R2_001.fastq.gz,GAAKRGTTYGATYNTGGCTCAG,ACGTNTBACCGCDGCTGCTG,run6
G103GD,G103GD_V1_8_S8_L001_R1_001.fastq.gz,G103GD_V1_8_S8_L001_R2_001.fastq.gz,GAAKRGTTYGATYNTGGCTCAG,ACGTNTBACCGCDGCTGCTG,run8
G103GH,G103GH_V1_19_S19_L001_R1_001.fastq.gz,G103GH_V1_19_S19_L001_R2_001.fastq.gz,GAAKRGTTYGATYNTGGCTCAG,ACGTNTBACCGCDGCTGCTG,run8
G103PD,G103PD_V1_24_S24_L001_R1_001.fastq.gz,G103PD_V1_24_S24_L001_R2_001.fastq.gz,GAAKRGTTYGATYNTGGCTCAG,ACGTNTBACCGCDGCTGCTG,run6
G103PH,G103PH_V1_18_S18_L001_R1_001.fastq.gz,G103PH_V1_18_S18_L001_R2_001.fastq.gz,GAAKRGTTYGATYNTGGCTCAG,ACGTNTBACCGCDGCTGCTG,run6
G103TD,G103TD_V1_6_S6_L001_R1_001.fastq.gz,G103TD_V1_6_S6_L001_R2_001.fastq.gz,GAAKRGTTYGATYNTGGCTCAG,ACGTNTBACCGCDGCTGCTG,run7
G103TH,G103TH_V1_12_S12_L001_R1_001.fastq.gz,G103TH_V1_12_S12_L001_R2_001.fastq.gz,GAAKRGTTYGATYNTGGCTCAG,ACGTNTBACCGCDGCTGCTG,run7
G104GD,G104GD_V1_2_S2_L001_R1_001.fastq.gz,G104GD_V1_2_S2_L001_R2_001.fastq.gz,GAAKRGTTYGATYNTGGCTCAG,ACGTNTBACCGCDGCTGCTG,run8
G104GH,G104GH_V1_18_S18_L001_R1_001.fastq.gz,G104GH_V1_18_S18_L001_R2_001.fastq.gz,GAAKRGTTYGATYNTGGCTCAG,ACGTNTBACCGCDGCTGCTG,run8
G104PD,G104PD_V1_6_S6_L001_R1_001.fastq.gz,G104PD_V1_6_S6_L001_R2_001.fastq.gz,GAAKRGTTYGATYNTGGCTCAG,ACGTNTBACCGCDGCTGCTG,run5
G104PH,G104PH_V1_12_S12_L001_R1_001.fastq.gz,G104PH_V1_12_S12_L001_R2_001.fastq.gz,GAAKRGTTYGATYNTGGCTCAG,ACGTNTBACCGCDGCTGCTG,run5
G104TD,G104TD_V1_18_S18_L001_R1_001.fastq.gz,G104TD_V1_18_S18_L001_R2_001.fastq.gz,GAAKRGTTYGATYNTGGCTCAG,ACGTNTBACCGCDGCTGCTG,run7
G104TH,G104TH_V1_23_S23_L001_R1_001.fastq.gz,G104TH_V1_23_S23_L001_R2_001.fastq.gz,GAAKRGTTYGATYNTGGCTCAG,ACGTNTBACCGCDGCTGCTG,run5
G105GD,G105GD_V1_50_S50_L001_R1_001.fastq.gz,G105GD_V1_50_S50_L001_R2_001.fastq.gz,GAAKRGTTYGATYNTGGCTCAG,ACGTNTBACCGCDGCTGCTG,run5
G105GH,G105GH_V1_385_S47_L001_R1_001.fastq.gz,G105GH_V1_385_S47_L001_R2_001.fastq.gz,GAAKRGTTYGATYNTGGCTCAG,ACGTNTBACCGCDGCTGCTG,run1
G105PD,G105PD_V1_13_S13_L001_R1_001.fastq.gz,G105PD_V1_13_S13_L001_R2_001.fastq.gz,GAAKRGTTYGATYNTGGCTCAG,ACGTNTBACCGCDGCTGCTG,run4
G105PH,G105PH_V1_5_S5_L001_R1_001.fastq.gz,G105PH_V1_5_S5_L001_R2_001.fastq.gz,GAAKRGTTYGATYNTGGCTCAG,ACGTNTBACCGCDGCTGCTG,run5
G105TD,G105TD_V1_11_S11_L001_R1_001.fastq.gz,G105TD_V1_11_S11_L001_R2_001.fastq.gz,GAAKRGTTYGATYNTGGCTCAG,ACGTNTBACCGCDGCTGCTG,run5
G105TH,G105TH_V1_17_S17_L001_R1_001.fastq.gz,G105TH_V1_17_S17_L001_R2_001.fastq.gz,GAAKRGTTYGATYNTGGCTCAG,ACGTNTBACCGCDGCTGCTG,run5
G106GD,G106GD_V1_12_S12_L001_R1_001.fastq.gz,G106GD_V1_12_S12_L001_R2_001.fastq.gz,GAAKRGTTYGATYNTGGCTCAG,ACGTNTBACCGCDGCTGCTG,run8
G106GH,G106GH_V1_24_S24_L001_R1_001.fastq.gz,G106GH_V1_24_S24_L001_R2_001.fastq.gz,GAAKRGTTYGATYNTGGCTCAG,ACGTNTBACCGCDGCTGCTG,run8
G106PD,G106PD_V1_5_S5_L001_R1_001.fastq.gz,G106PD_V1_5_S5_L001_R2_001.fastq.gz,GAAKRGTTYGATYNTGGCTCAG,ACGTNTBACCGCDGCTGCTG,run6
G106PH,G106PH_V1_50_S50_L001_R1_001.fastq.gz,G106PH_V1_50_S50_L001_R2_001.fastq.gz,GAAKRGTTYGATYNTGGCTCAG,ACGTNTBACCGCDGCTGCTG,run6
G106TD,G106TD_V1_17_S17_L001_R1_001.fastq.gz,G106TD_V1_17_S17_L001_R2_001.fastq.gz,GAAKRGTTYGATYNTGGCTCAG,ACGTNTBACCGCDGCTGCTG,run6
G106TH,G106TH_V1_11_S11_L001_R1_001.fastq.gz,G106TH_V1_11_S11_L001_R2_001.fastq.gz,GAAKRGTTYGATYNTGGCTCAG,ACGTNTBACCGCDGCTGCTG,run6
G107GD,G107GD_V1_49_S49_L001_R1_001.fastq.gz,G107GD_V1_49_S49_L001_R2_001.fastq.gz,GAAKRGTTYGATYNTGGCTCAG,ACGTNTBACCGCDGCTGCTG,run5
G107GH,G107GH_V1_9_S9_L001_R1_001.fastq.gz,G107GH_V1_9_S9_L001_R2_001.fastq.gz,GAAKRGTTYGATYNTGGCTCAG,ACGTNTBACCGCDGCTGCTG,run8
G107PD,G107PD_V1_5_S5_L001_R1_001.fastq.gz,G107PD_V1_5_S5_L001_R2_001.fastq.gz,GAAKRGTTYGATYNTGGCTCAG,ACGTNTBACCGCDGCTGCTG,run7
G107PH,G107PH_V1_23_S23_L001_R1_001.fastq.gz,G107PH_V1_23_S23_L001_R2_001.fastq.gz,GAAKRGTTYGATYNTGGCTCAG,ACGTNTBACCGCDGCTGCTG,run6
G107TD,G107TD_V1_11_S11_L001_R1_001.fastq.gz,G107TD_V1_11_S11_L001_R2_001.fastq.gz,GAAKRGTTYGATYNTGGCTCAG,ACGTNTBACCGCDGCTGCTG,run7
G107TH,G107TH_V1_17_S17_L001_R1_001.fastq.gz,G107TH_V1_17_S17_L001_R2_001.fastq.gz,GAAKRGTTYGATYNTGGCTCAG,ACGTNTBACCGCDGCTGCTG,run7
G108GD,G108GD_V1_21_S21_L001_R1_001.fastq.gz,G108GD_V1_21_S21_L001_R2_001.fastq.gz,GAAKRGTTYGATYNTGGCTCAG,ACGTNTBACCGCDGCTGCTG,run8
G108GH,G108GH_V1_16_S16_L001_R1_001.fastq.gz,G108GH_V1_16_S16_L001_R2_001.fastq.gz,GAAKRGTTYGATYNTGGCTCAG,ACGTNTBACCGCDGCTGCTG,run8
G108PD,G108PD_V1_10_S10_L001_R1_001.fastq.gz,G108PD_V1_10_S10_L001_R2_001.fastq.gz,GAAKRGTTYGATYNTGGCTCAG,ACGTNTBACCGCDGCTGCTG,run5
G108PH,G108PH_V1_16_S16_L001_R1_001.fastq.gz,G108PH_V1_16_S16_L001_R2_001.fastq.gz,GAAKRGTTYGATYNTGGCTCAG,ACGTNTBACCGCDGCTGCTG,run5
G108TD,G108TD_V1_4_S4_L001_R1_001.fastq.gz,G108TD_V1_4_S4_L001_R2_001.fastq.gz,GAAKRGTTYGATYNTGGCTCAG,ACGTNTBACCGCDGCTGCTG,run5
G108TH,G108TH_V1_22_S22_L001_R1_001.fastq.gz,G108TH_V1_22_S22_L001_R2_001.fastq.gz,GAAKRGTTYGATYNTGGCTCAG,ACGTNTBACCGCDGCTGCTG,run7
G109GD,G109GD_V1_19_S19_L001_R1_001.fastq.gz,G109GD_V1_19_S19_L001_R2_001.fastq.gz,GAAKRGTTYGATYNTGGCTCAG,ACGTNTBACCGCDGCTGCTG,run4
G109HD,G109HD_V1_20_S20_L001_R1_001.fastq.gz,G109HD_V1_20_S20_L001_R2_001.fastq.gz,GAAKRGTTYGATYNTGGCTCAG,ACGTNTBACCGCDGCTGCTG,run4
G109PD,G109PD_V1_21_S21_L001_R1_001.fastq.gz,G109PD_V1_21_S21_L001_R2_001.fastq.gz,GAAKRGTTYGATYNTGGCTCAG,ACGTNTBACCGCDGCTGCTG,run4
G109PH,G109PH_V1_22_S22_L001_R1_001.fastq.gz,G109PH_V1_22_S22_L001_R2_001.fastq.gz,GAAKRGTTYGATYNTGGCTCAG,ACGTNTBACCGCDGCTGCTG,run4
G109TD,G109TD_V1_23_S23_L001_R1_001.fastq.gz,G109TD_V1_23_S23_L001_R2_001.fastq.gz,GAAKRGTTYGATYNTGGCTCAG,ACGTNTBACCGCDGCTGCTG,run4
G109TH,G109TH_V1_24_S24_L001_R1_001.fastq.gz,G109TH_V1_24_S24_L001_R2_001.fastq.gz,GAAKRGTTYGATYNTGGCTCAG,ACGTNTBACCGCDGCTGCTG,run4
G110GD,G110GD_V1_14_S14_L001_R1_001.fastq.gz,G110GD_V1_14_S14_L001_R2_001.fastq.gz,GAAKRGTTYGATYNTGGCTCAG,ACGTNTBACCGCDGCTGCTG,run8
G110GH,G110GH_V1_14_S14_L001_R1_001.fastq.gz,G110GH_V1_14_S14_L001_R2_001.fastq.gz,GAAKRGTTYGATYNTGGCTCAG,ACGTNTBACCGCDGCTGCTG,run4
G110PD,G110PD_V1_15_S15_L001_R1_001.fastq.gz,G110PD_V1_15_S15_L001_R2_001.fastq.gz,GAAKRGTTYGATYNTGGCTCAG,ACGTNTBACCGCDGCTGCTG,run4
G110PH,G110PH_V1_16_S16_L001_R1_001.fastq.gz,G110PH_V1_16_S16_L001_R2_001.fastq.gz,GAAKRGTTYGATYNTGGCTCAG,ACGTNTBACCGCDGCTGCTG,run4
G110TD,G110TD_V1_17_S17_L001_R1_001.fastq.gz,G110TD_V1_17_S17_L001_R2_001.fastq.gz,GAAKRGTTYGATYNTGGCTCAG,ACGTNTBACCGCDGCTGCTG,run4
G110TH,G110TH_V1_18_S18_L001_R1_001.fastq.gz,G110TH_V1_18_S18_L001_R2_001.fastq.gz,GAAKRGTTYGATYNTGGCTCAG,ACGTNTBACCGCDGCTGCTG,run4
G116GD,G116GD_V1_1_S1_L001_R1_001.fastq.gz,G116GD_V1_1_S1_L001_R2_001.fastq.gz,GAAKRGTTYGATYNTGGCTCAG,ACGTNTBACCGCDGCTGCTG,run1
G116GH,G116GH_V1_2_S2_L001_R1_001.fastq.gz,G116GH_V1_2_S2_L001_R2_001.fastq.gz,GAAKRGTTYGATYNTGGCTCAG,ACGTNTBACCGCDGCTGCTG,run1
G116PD,G116PD_V1_3_S3_L001_R1_001.fastq.gz,G116PD_V1_3_S3_L001_R2_001.fastq.gz,GAAKRGTTYGATYNTGGCTCAG,ACGTNTBACCGCDGCTGCTG,run1
G116PH,G116PH_V1_4_S4_L001_R1_001.fastq.gz,G116PH_V1_4_S4_L001_R2_001.fastq.gz,GAAKRGTTYGATYNTGGCTCAG,ACGTNTBACCGCDGCTGCTG,run1
G116TD,G116TD_V1_53_S53_L001_R1_001.fastq.gz,G116TD_V1_53_S53_L001_R2_001.fastq.gz,GAAKRGTTYGATYNTGGCTCAG,ACGTNTBACCGCDGCTGCTG,run4
G116TH,G116TH_V1_6_S5_L001_R1_001.fastq.gz,G116TH_V1_6_S5_L001_R2_001.fastq.gz,GAAKRGTTYGATYNTGGCTCAG,ACGTNTBACCGCDGCTGCTG,run1
G203GD,G203GD_V1_7_S7_L001_R1_001.fastq.gz,G203GD_V1_7_S7_L001_R2_001.fastq.gz,GAAKRGTTYGATYNTGGCTCAG,ACGTNTBACCGCDGCTGCTG,run4
G203GH,G203GH_V1_8_S8_L001_R1_001.fastq.gz,G203GH_V1_8_S8_L001_R2_001.fastq.gz,GAAKRGTTYGATYNTGGCTCAG,ACGTNTBACCGCDGCTGCTG,run4
G203PD,G203PD_V1_9_S9_L001_R1_001.fastq.gz,G203PD_V1_9_S9_L001_R2_001.fastq.gz,GAAKRGTTYGATYNTGGCTCAG,ACGTNTBACCGCDGCTGCTG,run4
G203PH,G203PH_V1_10_S10_L001_R1_001.fastq.gz,G203PH_V1_10_S10_L001_R2_001.fastq.gz,GAAKRGTTYGATYNTGGCTCAG,ACGTNTBACCGCDGCTGCTG,run4
G203TD,G203TD_V1_11_S11_L001_R1_001.fastq.gz,G203TD_V1_11_S11_L001_R2_001.fastq.gz,GAAKRGTTYGATYNTGGCTCAG,ACGTNTBACCGCDGCTGCTG,run4
G203TH,G203TH_V1_12_S12_L001_R1_001.fastq.gz,G203TH_V1_12_S12_L001_R2_001.fastq.gz,GAAKRGTTYGATYNTGGCTCAG,ACGTNTBACCGCDGCTGCTG,run4
G206GD,G206GD_V1_6_S6_L001_R1_001.fastq.gz,G206GD_V1_6_S6_L001_R2_001.fastq.gz,GAAKRGTTYGATYNTGGCTCAG,ACGTNTBACCGCDGCTGCTG,run8
G206GH,G206GH_V1_1_S1_L001_R1_001.fastq.gz,G206GH_V1_1_S1_L001_R2_001.fastq.gz,GAAKRGTTYGATYNTGGCTCAG,ACGTNTBACCGCDGCTGCTG,run8
G206PD,G206PD_V1_8_S8_L001_R1_001.fastq.gz,G206PD_V1_8_S8_L001_R2_001.fastq.gz,GAAKRGTTYGATYNTGGCTCAG,ACGTNTBACCGCDGCTGCTG,run7
G206PH,G206PH_V1_14_S14_L001_R1_001.fastq.gz,G206PH_V1_14_S14_L001_R2_001.fastq.gz,GAAKRGTTYGATYNTGGCTCAG,ACGTNTBACCGCDGCTGCTG,run7
G206TD,G206TD_V1_7_S7_L001_R1_001.fastq.gz,G206TD_V1_7_S7_L001_R2_001.fastq.gz,GAAKRGTTYGATYNTGGCTCAG,ACGTNTBACCGCDGCTGCTG,run6
G206TH,G206TH_V1_1_S1_L001_R1_001.fastq.gz,G206TH_V1_1_S1_L001_R2_001.fastq.gz,GAAKRGTTYGATYNTGGCTCAG,ACGTNTBACCGCDGCTGCTG,run6
G207GD,G207GD_V1_5_S5_L001_R1_001.fastq.gz,G207GD_V1_5_S5_L001_R2_001.fastq.gz,GAAKRGTTYGATYNTGGCTCAG,ACGTNTBACCGCDGCTGCTG,run8
G207GH,G207GH_V1_3_S3_L001_R1_001.fastq.gz,G207GH_V1_3_S3_L001_R2_001.fastq.gz,GAAKRGTTYGATYNTGGCTCAG,ACGTNTBACCGCDGCTGCTG,run8
G207PD,G207PD_V1_7_S7_L001_R1_001.fastq.gz,G207PD_V1_7_S7_L001_R2_001.fastq.gz,GAAKRGTTYGATYNTGGCTCAG,ACGTNTBACCGCDGCTGCTG,run5
G207PH,G207PH_V1_1_S1_L001_R1_001.fastq.gz,G207PH_V1_1_S1_L001_R2_001.fastq.gz,GAAKRGTTYGATYNTGGCTCAG,ACGTNTBACCGCDGCTGCTG,run7
G207TD,G207TD_V1_19_S19_L001_R1_001.fastq.gz,G207TD_V1_19_S19_L001_R2_001.fastq.gz,GAAKRGTTYGATYNTGGCTCAG,ACGTNTBACCGCDGCTGCTG,run6
G207TH,G207TH_V1_13_S13_L001_R1_001.fastq.gz,G207TH_V1_13_S13_L001_R2_001.fastq.gz,GAAKRGTTYGATYNTGGCTCAG,ACGTNTBACCGCDGCTGCTG,run6
G208GD,G208GD_V1_23_S23_L001_R1_001.fastq.gz,G208GD_V1_23_S23_L001_R2_001.fastq.gz,GAAKRGTTYGATYNTGGCTCAG,ACGTNTBACCGCDGCTGCTG,run7
G208GH,G208GH_V1_24_S24_L001_R1_001.fastq.gz,G208GH_V1_24_S24_L001_R2_001.fastq.gz,GAAKRGTTYGATYNTGGCTCAG,ACGTNTBACCGCDGCTGCTG,run7
G208PD,G208PD_V1_20_S20_L001_R1_001.fastq.gz,G208PD_V1_20_S20_L001_R2_001.fastq.gz,GAAKRGTTYGATYNTGGCTCAG,ACGTNTBACCGCDGCTGCTG,run6
G208PH,G208PH_V1_2_S2_L001_R1_001.fastq.gz,G208PH_V1_2_S2_L001_R2_001.fastq.gz,GAAKRGTTYGATYNTGGCTCAG,ACGTNTBACCGCDGCTGCTG,run7
G208TD,G208TD_V1_13_S13_L001_R1_001.fastq.gz,G208TD_V1_13_S13_L001_R2_001.fastq.gz,GAAKRGTTYGATYNTGGCTCAG,ACGTNTBACCGCDGCTGCTG,run5
G208TH,G208TH_V1_19_S19_L001_R1_001.fastq.gz,G208TH_V1_19_S19_L001_R2_001.fastq.gz,GAAKRGTTYGATYNTGGCTCAG,ACGTNTBACCGCDGCTGCTG,run5
G213GD,G213GD_V1_7_S6_L001_R1_001.fastq.gz,G213GD_V1_7_S6_L001_R2_001.fastq.gz,GAAKRGTTYGATYNTGGCTCAG,ACGTNTBACCGCDGCTGCTG,run1
G213GH,G213GH_V1_8_S7_L001_R1_001.fastq.gz,G213GH_V1_8_S7_L001_R2_001.fastq.gz,GAAKRGTTYGATYNTGGCTCAG,ACGTNTBACCGCDGCTGCTG,run1
G213PD,G213PD_V1_9_S8_L001_R1_001.fastq.gz,G213PD_V1_9_S8_L001_R2_001.fastq.gz,GAAKRGTTYGATYNTGGCTCAG,ACGTNTBACCGCDGCTGCTG,run1
G213PH,G213PH_V1_10_S9_L001_R1_001.fastq.gz,G213PH_V1_10_S9_L001_R2_001.fastq.gz,GAAKRGTTYGATYNTGGCTCAG,ACGTNTBACCGCDGCTGCTG,run1
G213TD,G213TD_V1_11_S10_L001_R1_001.fastq.gz,G213TD_V1_11_S10_L001_R2_001.fastq.gz,GAAKRGTTYGATYNTGGCTCAG,ACGTNTBACCGCDGCTGCTG,run1
G213TH,G213TH_V1_12_S11_L001_R1_001.fastq.gz,G213TH_V1_12_S11_L001_R2_001.fastq.gz,GAAKRGTTYGATYNTGGCTCAG,ACGTNTBACCGCDGCTGCTG,run1
G217GD,G217GD_V1_13_S12_L001_R1_001.fastq.gz,G217GD_V1_13_S12_L001_R2_001.fastq.gz,GAAKRGTTYGATYNTGGCTCAG,ACGTNTBACCGCDGCTGCTG,run1
G217GH,G217GH_V1_14_S13_L001_R1_001.fastq.gz,G217GH_V1_14_S13_L001_R2_001.fastq.gz,GAAKRGTTYGATYNTGGCTCAG,ACGTNTBACCGCDGCTGCTG,run1
G217PD,G217PD_V1_15_S14_L001_R1_001.fastq.gz,G217PD_V1_15_S14_L001_R2_001.fastq.gz,GAAKRGTTYGATYNTGGCTCAG,ACGTNTBACCGCDGCTGCTG,run1
G217PH,G217PH_V1_16_S15_L001_R1_001.fastq.gz,G217PH_V1_16_S15_L001_R2_001.fastq.gz,GAAKRGTTYGATYNTGGCTCAG,ACGTNTBACCGCDGCTGCTG,run1
G217TD,G217TD_V1_17_S16_L001_R1_001.fastq.gz,G217TD_V1_17_S16_L001_R2_001.fastq.gz,GAAKRGTTYGATYNTGGCTCAG,ACGTNTBACCGCDGCTGCTG,run1
G217TH,G217TH_V1_18_S17_L001_R1_001.fastq.gz,G217TH_V1_18_S17_L001_R2_001.fastq.gz,GAAKRGTTYGATYNTGGCTCAG,ACGTNTBACCGCDGCTGCTG,run1
G219GD,G219GD_V1_13_S13_L001_R1_001.fastq.gz,G219GD_V1_13_S13_L001_R2_001.fastq.gz,GAAKRGTTYGATYNTGGCTCAG,ACGTNTBACCGCDGCTGCTG,run8
G219GH,G219GH_V1_10_S10_L001_R1_001.fastq.gz,G219GH_V1_10_S10_L001_R2_001.fastq.gz,GAAKRGTTYGATYNTGGCTCAG,ACGTNTBACCGCDGCTGCTG,run8
G219PD,G219PD_V1_1_S1_L001_R1_001.fastq.gz,G219PD_V1_1_S1_L001_R2_001.fastq.gz,GAAKRGTTYGATYNTGGCTCAG,ACGTNTBACCGCDGCTGCTG,run5
G219PH,G219PH_V1_19_S19_L001_R1_001.fastq.gz,G219PH_V1_19_S19_L001_R2_001.fastq.gz,GAAKRGTTYGATYNTGGCTCAG,ACGTNTBACCGCDGCTGCTG,run7
G219TD,G219TD_V1_7_S7_L001_R1_001.fastq.gz,G219TD_V1_7_S7_L001_R2_001.fastq.gz,GAAKRGTTYGATYNTGGCTCAG,ACGTNTBACCGCDGCTGCTG,run7
G219TH,G219TH_V1_13_S13_L001_R1_001.fastq.gz,G219TH_V1_13_S13_L001_R2_001.fastq.gz,GAAKRGTTYGATYNTGGCTCAG,ACGTNTBACCGCDGCTGCTG,run7
L101GD,L101GD_V1_19_S18_L001_R1_001.fastq.gz,L101GD_V1_19_S18_L001_R2_001.fastq.gz,GAAKRGTTYGATYNTGGCTCAG,ACGTNTBACCGCDGCTGCTG,run1
L101GH,L101GH_V1_20_S19_L001_R1_001.fastq.gz,L101GH_V1_20_S19_L001_R2_001.fastq.gz,GAAKRGTTYGATYNTGGCTCAG,ACGTNTBACCGCDGCTGCTG,run1
L101PD,L101PD_V1_21_S20_L001_R1_001.fastq.gz,L101PD_V1_21_S20_L001_R2_001.fastq.gz,GAAKRGTTYGATYNTGGCTCAG,ACGTNTBACCGCDGCTGCTG,run1
L101PH,L101PH_V1_22_S21_L001_R1_001.fastq.gz,L101PH_V1_22_S21_L001_R2_001.fastq.gz,GAAKRGTTYGATYNTGGCTCAG,ACGTNTBACCGCDGCTGCTG,run1
L101TD,L101TD_V1_23_S22_L001_R1_001.fastq.gz,L101TD_V1_23_S22_L001_R2_001.fastq.gz,GAAKRGTTYGATYNTGGCTCAG,ACGTNTBACCGCDGCTGCTG,run1
L101TH,L101TH_V1_24_S23_L001_R1_001.fastq.gz,L101TH_V1_24_S23_L001_R2_001.fastq.gz,GAAKRGTTYGATYNTGGCTCAG,ACGTNTBACCGCDGCTGCTG,run1
L102GD,L102GD_V1_49_S49_L001_R1_001.fastq.gz,L102GD_V1_49_S49_L001_R2_001.fastq.gz,GAAKRGTTYGATYNTGGCTCAG,ACGTNTBACCGCDGCTGCTG,run4
L102GH,L102GH_V1_49_S49_L001_R1_001.fastq.gz,L102GH_V1_49_S49_L001_R2_001.fastq.gz,GAAKRGTTYGATYNTGGCTCAG,ACGTNTBACCGCDGCTGCTG,run2
L102PD,L102PD_V1_21_S21_L001_R1_001.fastq.gz,L102PD_V1_21_S21_L001_R2_001.fastq.gz,GAAKRGTTYGATYNTGGCTCAG,ACGTNTBACCGCDGCTGCTG,run7
L102PH,L102PH_V1_10_S10_L001_R1_001.fastq.gz,L102PH_V1_10_S10_L001_R2_001.fastq.gz,GAAKRGTTYGATYNTGGCTCAG,ACGTNTBACCGCDGCTGCTG,run7
L102TD,L102TD_V1_16_S16_L001_R1_001.fastq.gz,L102TD_V1_16_S16_L001_R2_001.fastq.gz,GAAKRGTTYGATYNTGGCTCAG,ACGTNTBACCGCDGCTGCTG,run7
L102TH,L102TH_V1_22_S22_L001_R1_001.fastq.gz,L102TH_V1_22_S22_L001_R2_001.fastq.gz,GAAKRGTTYGATYNTGGCTCAG,ACGTNTBACCGCDGCTGCTG,run6
L103GD,L103GD_V1_17_S17_L001_R1_001.fastq.gz,L103GD_V1_17_S17_L001_R2_001.fastq.gz,GAAKRGTTYGATYNTGGCTCAG,ACGTNTBACCGCDGCTGCTG,run8
L103GH,L103GH_V1_22_S22_L001_R1_001.fastq.gz,L103GH_V1_22_S22_L001_R2_001.fastq.gz,GAAKRGTTYGATYNTGGCTCAG,ACGTNTBACCGCDGCTGCTG,run8
L103PD,L103PD_V1_9_S9_L001_R1_001.fastq.gz,L103PD_V1_9_S9_L001_R2_001.fastq.gz,GAAKRGTTYGATYNTGGCTCAG,ACGTNTBACCGCDGCTGCTG,run6
L103PH,L103PH_V1_3_S3_L001_R1_001.fastq.gz,L103PH_V1_3_S3_L001_R2_001.fastq.gz,GAAKRGTTYGATYNTGGCTCAG,ACGTNTBACCGCDGCTGCTG,run6
L103TD,L103TD_V1_15_S15_L001_R1_001.fastq.gz,L103TD_V1_15_S15_L001_R2_001.fastq.gz,GAAKRGTTYGATYNTGGCTCAG,ACGTNTBACCGCDGCTGCTG,run7
L103TH,L103TH_V1_4_S4_L001_R1_001.fastq.gz,L103TH_V1_4_S4_L001_R2_001.fastq.gz,GAAKRGTTYGATYNTGGCTCAG,ACGTNTBACCGCDGCTGCTG,run7
L104GD,L104GD_V1_1_S1_L001_R1_001.fastq.gz,L104GD_V1_1_S1_L001_R2_001.fastq.gz,GAAKRGTTYGATYNTGGCTCAG,ACGTNTBACCGCDGCTGCTG,run2
L104GH,L104GH_V1_2_S2_L001_R1_001.fastq.gz,L104GH_V1_2_S2_L001_R2_001.fastq.gz,GAAKRGTTYGATYNTGGCTCAG,ACGTNTBACCGCDGCTGCTG,run2
L104PD,L104PD_V1_3_S3_L001_R1_001.fastq.gz,L104PD_V1_3_S3_L001_R2_001.fastq.gz,GAAKRGTTYGATYNTGGCTCAG,ACGTNTBACCGCDGCTGCTG,run2
L104PH,L104PH_V1_4_S4_L001_R1_001.fastq.gz,L104PH_V1_4_S4_L001_R2_001.fastq.gz,GAAKRGTTYGATYNTGGCTCAG,ACGTNTBACCGCDGCTGCTG,run2
L104TD,L104TD_V1_5_S5_L001_R1_001.fastq.gz,L104TD_V1_5_S5_L001_R2_001.fastq.gz,GAAKRGTTYGATYNTGGCTCAG,ACGTNTBACCGCDGCTGCTG,run2
L104TH,L104TH_V1_6_S6_L001_R1_001.fastq.gz,L104TH_V1_6_S6_L001_R2_001.fastq.gz,GAAKRGTTYGATYNTGGCTCAG,ACGTNTBACCGCDGCTGCTG,run2
L106GD,L106GD_V1_50_S50_L001_R1_001.fastq.gz,L106GD_V1_50_S50_L001_R2_001.fastq.gz,GAAKRGTTYGATYNTGGCTCAG,ACGTNTBACCGCDGCTGCTG,run3
L106GH,L106GH_V1_49_S49_L001_R1_001.fastq.gz,L106GH_V1_49_S49_L001_R2_001.fastq.gz,GAAKRGTTYGATYNTGGCTCAG,ACGTNTBACCGCDGCTGCTG,run3
L106PD,L106PD_V1_14_S14_L001_R1_001.fastq.gz,L106PD_V1_14_S14_L001_R2_001.fastq.gz,GAAKRGTTYGATYNTGGCTCAG,ACGTNTBACCGCDGCTGCTG,run6
L106PH,L106PH_V1_8_S8_L001_R1_001.fastq.gz,L106PH_V1_8_S8_L001_R2_001.fastq.gz,GAAKRGTTYGATYNTGGCTCAG,ACGTNTBACCGCDGCTGCTG,run6
L106TD,L106TD_V1_20_S20_L001_R1_001.fastq.gz,L106TD_V1_20_S20_L001_R2_001.fastq.gz,GAAKRGTTYGATYNTGGCTCAG,ACGTNTBACCGCDGCTGCTG,run7
L106TH,L106TH_V1_15_S15_L001_R1_001.fastq.gz,L106TH_V1_15_S15_L001_R2_001.fastq.gz,GAAKRGTTYGATYNTGGCTCAG,ACGTNTBACCGCDGCTGCTG,run5
L108GD,L108GD_V1_15_S15_L001_R1_001.fastq.gz,L108GD_V1_15_S15_L001_R2_001.fastq.gz,GAAKRGTTYGATYNTGGCTCAG,ACGTNTBACCGCDGCTGCTG,run8
L108GH,L108GH_V1_386_S48_L001_R1_001.fastq.gz,L108GH_V1_386_S48_L001_R2_001.fastq.gz,GAAKRGTTYGATYNTGGCTCAG,ACGTNTBACCGCDGCTGCTG,run1
L108PD,L108PD_V1_20_S20_L001_R1_001.fastq.gz,L108PD_V1_20_S20_L001_R2_001.fastq.gz,GAAKRGTTYGATYNTGGCTCAG,ACGTNTBACCGCDGCTGCTG,run5
L108PH,L108PH_V1_8_S8_L001_R1_001.fastq.gz,L108PH_V1_8_S8_L001_R2_001.fastq.gz,GAAKRGTTYGATYNTGGCTCAG,ACGTNTBACCGCDGCTGCTG,run5
L108TD,L108TD_V1_3_S3_L001_R1_001.fastq.gz,L108TD_V1_3_S3_L001_R2_001.fastq.gz,GAAKRGTTYGATYNTGGCTCAG,ACGTNTBACCGCDGCTGCTG,run7
L108TH,L108TH_V1_21_S21_L001_R1_001.fastq.gz,L108TH_V1_21_S21_L001_R2_001.fastq.gz,GAAKRGTTYGATYNTGGCTCAG,ACGTNTBACCGCDGCTGCTG,run5
L110GD,L110GD_V1_7_S7_L001_R1_001.fastq.gz,L110GD_V1_7_S7_L001_R2_001.fastq.gz,GAAKRGTTYGATYNTGGCTCAG,ACGTNTBACCGCDGCTGCTG,run2
L110GH,L110GH_V1_8_S8_L001_R1_001.fastq.gz,L110GH_V1_8_S8_L001_R2_001.fastq.gz,GAAKRGTTYGATYNTGGCTCAG,ACGTNTBACCGCDGCTGCTG,run2
L110PD,L110PD_V1_9_S9_L001_R1_001.fastq.gz,L110PD_V1_9_S9_L001_R2_001.fastq.gz,GAAKRGTTYGATYNTGGCTCAG,ACGTNTBACCGCDGCTGCTG,run2
L110PH,L110PH_V1_10_S10_L001_R1_001.fastq.gz,L110PH_V1_10_S10_L001_R2_001.fastq.gz,GAAKRGTTYGATYNTGGCTCAG,ACGTNTBACCGCDGCTGCTG,run2
L110TD,L110TD_V1_11_S11_L001_R1_001.fastq.gz,L110TD_V1_11_S11_L001_R2_001.fastq.gz,GAAKRGTTYGATYNTGGCTCAG,ACGTNTBACCGCDGCTGCTG,run2
L110TH,L110TH_V1_12_S12_L001_R1_001.fastq.gz,L110TH_V1_12_S12_L001_R2_001.fastq.gz,GAAKRGTTYGATYNTGGCTCAG,ACGTNTBACCGCDGCTGCTG,run2
L201GD,L201GD_V1_50_S50_L001_R1_001.fastq.gz,L201GD_V1_50_S50_L001_R2_001.fastq.gz,GAAKRGTTYGATYNTGGCTCAG,ACGTNTBACCGCDGCTGCTG,run2
L201GH,L201GH_V1_50_S50_L001_R1_001.fastq.gz,L201GH_V1_50_S50_L001_R2_001.fastq.gz,GAAKRGTTYGATYNTGGCTCAG,ACGTNTBACCGCDGCTGCTG,run4
L201PD,L201PD_V1_14_S14_L001_R1_001.fastq.gz,L201PD_V1_14_S14_L001_R2_001.fastq.gz,GAAKRGTTYGATYNTGGCTCAG,ACGTNTBACCGCDGCTGCTG,run5
L201PH,L201PH_V1_9_S9_L001_R1_001.fastq.gz,L201PH_V1_9_S9_L001_R2_001.fastq.gz,GAAKRGTTYGATYNTGGCTCAG,ACGTNTBACCGCDGCTGCTG,run7
L201TD,L201TD_V1_15_S15_L001_R1_001.fastq.gz,L201TD_V1_15_S15_L001_R2_001.fastq.gz,GAAKRGTTYGATYNTGGCTCAG,ACGTNTBACCGCDGCTGCTG,run6
L201TH,L201TH_V1_3_S3_L001_R1_001.fastq.gz,L201TH_V1_3_S3_L001_R2_001.fastq.gz,GAAKRGTTYGATYNTGGCTCAG,ACGTNTBACCGCDGCTGCTG,run5
L202GD,L202GD_V1_11_S11_L001_R1_001.fastq.gz,L202GD_V1_11_S11_L001_R2_001.fastq.gz,GAAKRGTTYGATYNTGGCTCAG,ACGTNTBACCGCDGCTGCTG,run8
L202GH,L202GH_V1_7_S7_L001_R1_001.fastq.gz,L202GH_V1_7_S7_L001_R2_001.fastq.gz,GAAKRGTTYGATYNTGGCTCAG,ACGTNTBACCGCDGCTGCTG,run8
L202PD,L202PD_V1_2_S2_L001_R1_001.fastq.gz,L202PD_V1_2_S2_L001_R2_001.fastq.gz,GAAKRGTTYGATYNTGGCTCAG,ACGTNTBACCGCDGCTGCTG,run6
L202PH,L202PH_V1_2_S2_L001_R1_001.fastq.gz,L202PH_V1_2_S2_L001_R2_001.fastq.gz,GAAKRGTTYGATYNTGGCTCAG,ACGTNTBACCGCDGCTGCTG,run5
L202TD,L202TD_V1_21_S21_L001_R1_001.fastq.gz,L202TD_V1_21_S21_L001_R2_001.fastq.gz,GAAKRGTTYGATYNTGGCTCAG,ACGTNTBACCGCDGCTGCTG,run6
L202TH,L202TH_V1_9_S9_L001_R1_001.fastq.gz,L202TH_V1_9_S9_L001_R2_001.fastq.gz,GAAKRGTTYGATYNTGGCTCAG,ACGTNTBACCGCDGCTGCTG,run5
L205GD,L205GD_V1_4_S4_L001_R1_001.fastq.gz,L205GD_V1_4_S4_L001_R2_001.fastq.gz,GAAKRGTTYGATYNTGGCTCAG,ACGTNTBACCGCDGCTGCTG,run8
L205GH,L205GH_V1_20_S20_L001_R1_001.fastq.gz,L205GH_V1_20_S20_L001_R2_001.fastq.gz,GAAKRGTTYGATYNTGGCTCAG,ACGTNTBACCGCDGCTGCTG,run8
L205PD,L205PD_V1_10_S10_L001_R1_001.fastq.gz,L205PD_V1_10_S10_L001_R2_001.fastq.gz,GAAKRGTTYGATYNTGGCTCAG,ACGTNTBACCGCDGCTGCTG,run6
L205PH,L205PH_V1_16_S16_L001_R1_001.fastq.gz,L205PH_V1_16_S16_L001_R2_001.fastq.gz,GAAKRGTTYGATYNTGGCTCAG,ACGTNTBACCGCDGCTGCTG,run6
L205TD,L205TD_V1_22_S22_L001_R1_001.fastq.gz,L205TD_V1_22_S22_L001_R2_001.fastq.gz,GAAKRGTTYGATYNTGGCTCAG,ACGTNTBACCGCDGCTGCTG,run5
L205TH,L205TH_V1_4_S4_L001_R1_001.fastq.gz,L205TH_V1_4_S4_L001_R2_001.fastq.gz,GAAKRGTTYGATYNTGGCTCAG,ACGTNTBACCGCDGCTGCTG,run6
L209GD,L209GD_V1_13_S13_L001_R1_001.fastq.gz,L209GD_V1_13_S13_L001_R2_001.fastq.gz,GAAKRGTTYGATYNTGGCTCAG,ACGTNTBACCGCDGCTGCTG,run2
L209GH,L209GH_V1_14_S14_L001_R1_001.fastq.gz,L209GH_V1_14_S14_L001_R2_001.fastq.gz,GAAKRGTTYGATYNTGGCTCAG,ACGTNTBACCGCDGCTGCTG,run2
L209PD,L209PD_V1_15_S15_L001_R1_001.fastq.gz,L209PD_V1_15_S15_L001_R2_001.fastq.gz,GAAKRGTTYGATYNTGGCTCAG,ACGTNTBACCGCDGCTGCTG,run2
L209PH,L209PH_V1_16_S16_L001_R1_001.fastq.gz,L209PH_V1_16_S16_L001_R2_001.fastq.gz,GAAKRGTTYGATYNTGGCTCAG,ACGTNTBACCGCDGCTGCTG,run2
L209TD,L209TD_V1_17_S17_L001_R1_001.fastq.gz,L209TD_V1_17_S17_L001_R2_001.fastq.gz,GAAKRGTTYGATYNTGGCTCAG,ACGTNTBACCGCDGCTGCTG,run2
L209TH,L209TH_V1_18_S18_L001_R1_001.fastq.gz,L209TH_V1_18_S18_L001_R2_001.fastq.gz,GAAKRGTTYGATYNTGGCTCAG,ACGTNTBACCGCDGCTGCTG,run2
L211DH,L211DH_V1_20_S20_L001_R1_001.fastq.gz,L211DH_V1_20_S20_L001_R2_001.fastq.gz,GAAKRGTTYGATYNTGGCTCAG,ACGTNTBACCGCDGCTGCTG,run2
L211GD,L211GD_V1_19_S19_L001_R1_001.fastq.gz,L211GD_V1_19_S19_L001_R2_001.fastq.gz,GAAKRGTTYGATYNTGGCTCAG,ACGTNTBACCGCDGCTGCTG,run2
L211PD,L211PD_V1_21_S21_L001_R1_001.fastq.gz,L211PD_V1_21_S21_L001_R2_001.fastq.gz,GAAKRGTTYGATYNTGGCTCAG,ACGTNTBACCGCDGCTGCTG,run2
L211PH,L211PH_V1_22_S22_L001_R1_001.fastq.gz,L211PH_V1_22_S22_L001_R2_001.fastq.gz,GAAKRGTTYGATYNTGGCTCAG,ACGTNTBACCGCDGCTGCTG,run2
L211TD,L211TD_V1_23_S23_L001_R1_001.fastq.gz,L211TD_V1_23_S23_L001_R2_001.fastq.gz,GAAKRGTTYGATYNTGGCTCAG,ACGTNTBACCGCDGCTGCTG,run2
L211TH,L211TH_V1_24_S24_L001_R1_001.fastq.gz,L211TH_V1_24_S24_L001_R2_001.fastq.gz,GAAKRGTTYGATYNTGGCTCAG,ACGTNTBACCGCDGCTGCTG,run2
L212GD,L212GD_V1_1_S1_L001_R1_001.fastq.gz,L212GD_V1_1_S1_L001_R2_001.fastq.gz,GAAKRGTTYGATYNTGGCTCAG,ACGTNTBACCGCDGCTGCTG,run3
L212GH,L212GH_V1_2_S2_L001_R1_001.fastq.gz,L212GH_V1_2_S2_L001_R2_001.fastq.gz,GAAKRGTTYGATYNTGGCTCAG,ACGTNTBACCGCDGCTGCTG,run3
L212PD,L212PD_V1_3_S3_L001_R1_001.fastq.gz,L212PD_V1_3_S3_L001_R2_001.fastq.gz,GAAKRGTTYGATYNTGGCTCAG,ACGTNTBACCGCDGCTGCTG,run3
L212PH,L212PH_V1_4_S4_L001_R1_001.fastq.gz,L212PH_V1_4_S4_L001_R2_001.fastq.gz,GAAKRGTTYGATYNTGGCTCAG,ACGTNTBACCGCDGCTGCTG,run3
L212TD,L212TD_V1_5_S5_L001_R1_001.fastq.gz,L212TD_V1_5_S5_L001_R2_001.fastq.gz,GAAKRGTTYGATYNTGGCTCAG,ACGTNTBACCGCDGCTGCTG,run3
L212TH,L212TH_V1_6_S6_L001_R1_001.fastq.gz,L212TH_V1_6_S6_L001_R2_001.fastq.gz,GAAKRGTTYGATYNTGGCTCAG,ACGTNTBACCGCDGCTGCTG,run3
L215GD,L215GD_V1_7_S7_L001_R1_001.fastq.gz,L215GD_V1_7_S7_L001_R2_001.fastq.gz,GAAKRGTTYGATYNTGGCTCAG,ACGTNTBACCGCDGCTGCTG,run3
L215GH,L215GH_V1_8_S8_L001_R1_001.fastq.gz,L215GH_V1_8_S8_L001_R2_001.fastq.gz,GAAKRGTTYGATYNTGGCTCAG,ACGTNTBACCGCDGCTGCTG,run3
L215PD,L215PD_V1_9_S9_L001_R1_001.fastq.gz,L215PD_V1_9_S9_L001_R2_001.fastq.gz,GAAKRGTTYGATYNTGGCTCAG,ACGTNTBACCGCDGCTGCTG,run3
L215PH,L215PH_V1_10_S10_L001_R1_001.fastq.gz,L215PH_V1_10_S10_L001_R2_001.fastq.gz,GAAKRGTTYGATYNTGGCTCAG,ACGTNTBACCGCDGCTGCTG,run3
L215TD,L215TD_V1_11_S11_L001_R1_001.fastq.gz,L215TD_V1_11_S11_L001_R2_001.fastq.gz,GAAKRGTTYGATYNTGGCTCAG,ACGTNTBACCGCDGCTGCTG,run3
L215TH,L215TH_V1_12_S12_L001_R1_001.fastq.gz,L215TH_V1_12_S12_L001_R2_001.fastq.gz,GAAKRGTTYGATYNTGGCTCAG,ACGTNTBACCGCDGCTGCTG,run3
L216GD,L216GD_V1_13_S13_L001_R1_001.fastq.gz,L216GD_V1_13_S13_L001_R2_001.fastq.gz,GAAKRGTTYGATYNTGGCTCAG,ACGTNTBACCGCDGCTGCTG,run3
L216GH,L216GH_V1_14_S14_L001_R1_001.fastq.gz,L216GH_V1_14_S14_L001_R2_001.fastq.gz,GAAKRGTTYGATYNTGGCTCAG,ACGTNTBACCGCDGCTGCTG,run3
L216PD,L216PD_V1_15_S15_L001_R1_001.fastq.gz,L216PD_V1_15_S15_L001_R2_001.fastq.gz,GAAKRGTTYGATYNTGGCTCAG,ACGTNTBACCGCDGCTGCTG,run3
L216PH,L216PH_V1_16_S16_L001_R1_001.fastq.gz,L216PH_V1_16_S16_L001_R2_001.fastq.gz,GAAKRGTTYGATYNTGGCTCAG,ACGTNTBACCGCDGCTGCTG,run3
L216TD,L216TD_V1_17_S17_L001_R1_001.fastq.gz,L216TD_V1_17_S17_L001_R2_001.fastq.gz,GAAKRGTTYGATYNTGGCTCAG,ACGTNTBACCGCDGCTGCTG,run3
L216TH,L216TH_V1_18_S18_L001_R1_001.fastq.gz,L216TH_V1_18_S18_L001_R2_001.fastq.gz,GAAKRGTTYGATYNTGGCTCAG,ACGTNTBACCGCDGCTGCTG,run3
L218GD,L218GD_V1_19_S19_L001_R1_001.fastq.gz,L218GD_V1_19_S19_L001_R2_001.fastq.gz,GAAKRGTTYGATYNTGGCTCAG,ACGTNTBACCGCDGCTGCTG,run3
L218GH,L218GH_V1_20_S20_L001_R1_001.fastq.gz,L218GH_V1_20_S20_L001_R2_001.fastq.gz,GAAKRGTTYGATYNTGGCTCAG,ACGTNTBACCGCDGCTGCTG,run3
L218PD,L218PD_V1_21_S21_L001_R1_001.fastq.gz,L218PD_V1_21_S21_L001_R2_001.fastq.gz,GAAKRGTTYGATYNTGGCTCAG,ACGTNTBACCGCDGCTGCTG,run3
L218PH,L218PH_V1_22_S22_L001_R1_001.fastq.gz,L218PH_V1_22_S22_L001_R2_001.fastq.gz,GAAKRGTTYGATYNTGGCTCAG,ACGTNTBACCGCDGCTGCTG,run3
L218TD,L218TD_V1_23_S23_L001_R1_001.fastq.gz,L218TD_V1_23_S23_L001_R2_001.fastq.gz,GAAKRGTTYGATYNTGGCTCAG,ACGTNTBACCGCDGCTGCTG,run3
L218TH,L218TH_V1_24_S24_L001_R1_001.fastq.gz,L218TH_V1_24_S24_L001_R2_001.fastq.gz,GAAKRGTTYGATYNTGGCTCAG,ACGTNTBACCGCDGCTGCTG,run3
L220GD,L220GD_V1_1_S1_L001_R1_001.fastq.gz,L220GD_V1_1_S1_L001_R2_001.fastq.gz,GAAKRGTTYGATYNTGGCTCAG,ACGTNTBACCGCDGCTGCTG,run4
L220GH,L220GH_V1_2_S2_L001_R1_001.fastq.gz,L220GH_V1_2_S2_L001_R2_001.fastq.gz,GAAKRGTTYGATYNTGGCTCAG,ACGTNTBACCGCDGCTGCTG,run4
L220PD,L220PD_V1_3_S3_L001_R1_001.fastq.gz,L220PD_V1_3_S3_L001_R2_001.fastq.gz,GAAKRGTTYGATYNTGGCTCAG,ACGTNTBACCGCDGCTGCTG,run4
L220PH,L220PH_V1_4_S4_L001_R1_001.fastq.gz,L220PH_V1_4_S4_L001_R2_001.fastq.gz,GAAKRGTTYGATYNTGGCTCAG,ACGTNTBACCGCDGCTGCTG,run4
L220TD,L220TD_V1_5_S5_L001_R1_001.fastq.gz,L220TD_V1_5_S5_L001_R2_001.fastq.gz,GAAKRGTTYGATYNTGGCTCAG,ACGTNTBACCGCDGCTGCTG,run4
L220TH,L220TH_V1_6_S6_L001_R1_001.fastq.gz,L220TH_V1_6_S6_L001_R2_001.fastq.gz,GAAKRGTTYGATYNTGGCTCAG,ACGTNTBACCGCDGCTGCTG,run4
G101GD,G101GD_V4_51_S51_L001_R1_001.fastq.gz,G101GD_V4_51_S51_L001_R2_001.fastq.gz,GAGTGCCAGCMGCCGCGGTAA,ACGGACTACHVGGGTWTCTAAT,run6
G101GH,G101GH_V4_47_S47_L001_R1_001.fastq.gz,G101GH_V4_47_S47_L001_R2_001.fastq.gz,GAGTGCCAGCMGCCGCGGTAA,ACGGACTACHVGGGTWTCTAAT,run8
G101PD,G101PD_V4_42_S42_L001_R1_001.fastq.gz,G101PD_V4_42_S42_L001_R2_001.fastq.gz,GAGTGCCAGCMGCCGCGGTAA,ACGGACTACHVGGGTWTCTAAT,run5
G101PH,G101PH_V4_48_S48_L001_R1_001.fastq.gz,G101PH_V4_48_S48_L001_R2_001.fastq.gz,GAGTGCCAGCMGCCGCGGTAA,ACGGACTACHVGGGTWTCTAAT,run5
G101TD,G101TD_V4_30_S30_L001_R1_001.fastq.gz,G101TD_V4_30_S30_L001_R2_001.fastq.gz,GAGTGCCAGCMGCCGCGGTAA,ACGGACTACHVGGGTWTCTAAT,run6
G101TH,G101TH_V4_36_S36_L001_R1_001.fastq.gz,G101TH_V4_36_S36_L001_R2_001.fastq.gz,GAGTGCCAGCMGCCGCGGTAA,ACGGACTACHVGGGTWTCTAAT,run6
G103GD,G103GD_V4_32_S32_L001_R1_001.fastq.gz,G103GD_V4_32_S32_L001_R2_001.fastq.gz,GAGTGCCAGCMGCCGCGGTAA,ACGGACTACHVGGGTWTCTAAT,run8
G103GH,G103GH_V4_43_S43_L001_R1_001.fastq.gz,G103GH_V4_43_S43_L001_R2_001.fastq.gz,GAGTGCCAGCMGCCGCGGTAA,ACGGACTACHVGGGTWTCTAAT,run8
G103PD,G103PD_V4_48_S48_L001_R1_001.fastq.gz,G103PD_V4_48_S48_L001_R2_001.fastq.gz,GAGTGCCAGCMGCCGCGGTAA,ACGGACTACHVGGGTWTCTAAT,run6
G103PH,G103PH_V4_42_S42_L001_R1_001.fastq.gz,G103PH_V4_42_S42_L001_R2_001.fastq.gz,GAGTGCCAGCMGCCGCGGTAA,ACGGACTACHVGGGTWTCTAAT,run6
G103TD,G103TD_V4_30_S30_L001_R1_001.fastq.gz,G103TD_V4_30_S30_L001_R2_001.fastq.gz,GAGTGCCAGCMGCCGCGGTAA,ACGGACTACHVGGGTWTCTAAT,run7
G103TH,G103TH_V4_36_S36_L001_R1_001.fastq.gz,G103TH_V4_36_S36_L001_R2_001.fastq.gz,GAGTGCCAGCMGCCGCGGTAA,ACGGACTACHVGGGTWTCTAAT,run7
G104GD,G104GD_V4_26_S26_L001_R1_001.fastq.gz,G104GD_V4_26_S26_L001_R2_001.fastq.gz,GAGTGCCAGCMGCCGCGGTAA,ACGGACTACHVGGGTWTCTAAT,run8
G104GH,G104GH_V4_42_S42_L001_R1_001.fastq.gz,G104GH_V4_42_S42_L001_R2_001.fastq.gz,GAGTGCCAGCMGCCGCGGTAA,ACGGACTACHVGGGTWTCTAAT,run8
G104PD,G104PD_V4_30_S30_L001_R1_001.fastq.gz,G104PD_V4_30_S30_L001_R2_001.fastq.gz,GAGTGCCAGCMGCCGCGGTAA,ACGGACTACHVGGGTWTCTAAT,run5
G104PH,G104PH_V4_36_S36_L001_R1_001.fastq.gz,G104PH_V4_36_S36_L001_R2_001.fastq.gz,GAGTGCCAGCMGCCGCGGTAA,ACGGACTACHVGGGTWTCTAAT,run5
G104TD,G104TD_V4_42_S42_L001_R1_001.fastq.gz,G104TD_V4_42_S42_L001_R2_001.fastq.gz,GAGTGCCAGCMGCCGCGGTAA,ACGGACTACHVGGGTWTCTAAT,run7
G104TH,G104TH_V4_47_S47_L001_R1_001.fastq.gz,G104TH_V4_47_S47_L001_R2_001.fastq.gz,GAGTGCCAGCMGCCGCGGTAA,ACGGACTACHVGGGTWTCTAAT,run5
G105GD,G105GD_V4_52_S52_L001_R1_001.fastq.gz,G105GD_V4_52_S52_L001_R2_001.fastq.gz,GAGTGCCAGCMGCCGCGGTAA,ACGGACTACHVGGGTWTCTAAT,run5
G105GH,G105GH_V4_397_S49_L001_R1_001.fastq.gz,G105GH_V4_397_S49_L001_R2_001.fastq.gz,GAGTGCCAGCMGCCGCGGTAA,ACGGACTACHVGGGTWTCTAAT,run1
G105PD,G105PD_V4_37_S37_L001_R1_001.fastq.gz,G105PD_V4_37_S37_L001_R2_001.fastq.gz,GAGTGCCAGCMGCCGCGGTAA,ACGGACTACHVGGGTWTCTAAT,run4
G105PH,G105PH_V4_29_S29_L001_R1_001.fastq.gz,G105PH_V4_29_S29_L001_R2_001.fastq.gz,GAGTGCCAGCMGCCGCGGTAA,ACGGACTACHVGGGTWTCTAAT,run5
G105TD,G105TD_V4_35_S35_L001_R1_001.fastq.gz,G105TD_V4_35_S35_L001_R2_001.fastq.gz,GAGTGCCAGCMGCCGCGGTAA,ACGGACTACHVGGGTWTCTAAT,run5
G105TH,G105TH_V4_41_S41_L001_R1_001.fastq.gz,G105TH_V4_41_S41_L001_R2_001.fastq.gz,GAGTGCCAGCMGCCGCGGTAA,ACGGACTACHVGGGTWTCTAAT,run5
G106GD,G106GD_V4_36_S36_L001_R1_001.fastq.gz,G106GD_V4_36_S36_L001_R2_001.fastq.gz,GAGTGCCAGCMGCCGCGGTAA,ACGGACTACHVGGGTWTCTAAT,run8
G106GH,G106GH_V4_48_S48_L001_R1_001.fastq.gz,G106GH_V4_48_S48_L001_R2_001.fastq.gz,GAGTGCCAGCMGCCGCGGTAA,ACGGACTACHVGGGTWTCTAAT,run8
G106PD,G106PD_V4_29_S29_L001_R1_001.fastq.gz,G106PD_V4_29_S29_L001_R2_001.fastq.gz,GAGTGCCAGCMGCCGCGGTAA,ACGGACTACHVGGGTWTCTAAT,run6
G106PH,G106PH_V4_52_S52_L001_R1_001.fastq.gz,G106PH_V4_52_S52_L001_R2_001.fastq.gz,GAGTGCCAGCMGCCGCGGTAA,ACGGACTACHVGGGTWTCTAAT,run6
G106TD,G106TD_V4_41_S41_L001_R1_001.fastq.gz,G106TD_V4_41_S41_L001_R2_001.fastq.gz,GAGTGCCAGCMGCCGCGGTAA,ACGGACTACHVGGGTWTCTAAT,run6
G106TH,G106TH_V4_35_S35_L001_R1_001.fastq.gz,G106TH_V4_35_S35_L001_R2_001.fastq.gz,GAGTGCCAGCMGCCGCGGTAA,ACGGACTACHVGGGTWTCTAAT,run6
G107GD,G107GD_V4_51_S51_L001_R1_001.fastq.gz,G107GD_V4_51_S51_L001_R2_001.fastq.gz,GAGTGCCAGCMGCCGCGGTAA,ACGGACTACHVGGGTWTCTAAT,run5
G107GH,G107GH_V4_33_S33_L001_R1_001.fastq.gz,G107GH_V4_33_S33_L001_R2_001.fastq.gz,GAGTGCCAGCMGCCGCGGTAA,ACGGACTACHVGGGTWTCTAAT,run8
G107PD,G107PD_V4_29_S29_L001_R1_001.fastq.gz,G107PD_V4_29_S29_L001_R2_001.fastq.gz,GAGTGCCAGCMGCCGCGGTAA,ACGGACTACHVGGGTWTCTAAT,run7
G107PH,G107PH_V4_47_S47_L001_R1_001.fastq.gz,G107PH_V4_47_S47_L001_R2_001.fastq.gz,GAGTGCCAGCMGCCGCGGTAA,ACGGACTACHVGGGTWTCTAAT,run6
G107TD,G107TD_V4_35_S35_L001_R1_001.fastq.gz,G107TD_V4_35_S35_L001_R2_001.fastq.gz,GAGTGCCAGCMGCCGCGGTAA,ACGGACTACHVGGGTWTCTAAT,run7
G107TH,G107TH_V4_41_S41_L001_R1_001.fastq.gz,G107TH_V4_41_S41_L001_R2_001.fastq.gz,GAGTGCCAGCMGCCGCGGTAA,ACGGACTACHVGGGTWTCTAAT,run7
G108GD,G108GD_V4_45_S45_L001_R1_001.fastq.gz,G108GD_V4_45_S45_L001_R2_001.fastq.gz,GAGTGCCAGCMGCCGCGGTAA,ACGGACTACHVGGGTWTCTAAT,run8
G108GH,G108GH_V4_40_S40_L001_R1_001.fastq.gz,G108GH_V4_40_S40_L001_R2_001.fastq.gz,GAGTGCCAGCMGCCGCGGTAA,ACGGACTACHVGGGTWTCTAAT,run8
G108PD,G108PD_V4_34_S34_L001_R1_001.fastq.gz,G108PD_V4_34_S34_L001_R2_001.fastq.gz,GAGTGCCAGCMGCCGCGGTAA,ACGGACTACHVGGGTWTCTAAT,run5
G108PH,G108PH_V4_40_S40_L001_R1_001.fastq.gz,G108PH_V4_40_S40_L001_R2_001.fastq.gz,GAGTGCCAGCMGCCGCGGTAA,ACGGACTACHVGGGTWTCTAAT,run5
G108TD,G108TD_V4_28_S28_L001_R1_001.fastq.gz,G108TD_V4_28_S28_L001_R2_001.fastq.gz,GAGTGCCAGCMGCCGCGGTAA,ACGGACTACHVGGGTWTCTAAT,run5
G108TH,G108TH_V4_46_S46_L001_R1_001.fastq.gz,G108TH_V4_46_S46_L001_R2_001.fastq.gz,GAGTGCCAGCMGCCGCGGTAA,ACGGACTACHVGGGTWTCTAAT,run7
G109GD,G109GD_V4_43_S43_L001_R1_001.fastq.gz,G109GD_V4_43_S43_L001_R2_001.fastq.gz,GAGTGCCAGCMGCCGCGGTAA,ACGGACTACHVGGGTWTCTAAT,run4
G109HD,G109HD_V4_44_S44_L001_R1_001.fastq.gz,G109HD_V4_44_S44_L001_R2_001.fastq.gz,GAGTGCCAGCMGCCGCGGTAA,ACGGACTACHVGGGTWTCTAAT,run4
G109PD,G109PD_V4_45_S45_L001_R1_001.fastq.gz,G109PD_V4_45_S45_L001_R2_001.fastq.gz,GAGTGCCAGCMGCCGCGGTAA,ACGGACTACHVGGGTWTCTAAT,run4
G109PH,G109PH_V4_46_S46_L001_R1_001.fastq.gz,G109PH_V4_46_S46_L001_R2_001.fastq.gz,GAGTGCCAGCMGCCGCGGTAA,ACGGACTACHVGGGTWTCTAAT,run4
G109TD,G109TD_V4_47_S47_L001_R1_001.fastq.gz,G109TD_V4_47_S47_L001_R2_001.fastq.gz,GAGTGCCAGCMGCCGCGGTAA,ACGGACTACHVGGGTWTCTAAT,run4
G109TH,G109TH_V4_48_S48_L001_R1_001.fastq.gz,G109TH_V4_48_S48_L001_R2_001.fastq.gz,GAGTGCCAGCMGCCGCGGTAA,ACGGACTACHVGGGTWTCTAAT,run4
G110GD,G110GD_V4_38_S38_L001_R1_001.fastq.gz,G110GD_V4_38_S38_L001_R2_001.fastq.gz,GAGTGCCAGCMGCCGCGGTAA,ACGGACTACHVGGGTWTCTAAT,run8
G110GH,G110GH_V4_38_S38_L001_R1_001.fastq.gz,G110GH_V4_38_S38_L001_R2_001.fastq.gz,GAGTGCCAGCMGCCGCGGTAA,ACGGACTACHVGGGTWTCTAAT,run4
G110PD,G110PD_V4_39_S39_L001_R1_001.fastq.gz,G110PD_V4_39_S39_L001_R2_001.fastq.gz,GAGTGCCAGCMGCCGCGGTAA,ACGGACTACHVGGGTWTCTAAT,run4
G110PH,G110PH_V4_40_S40_L001_R1_001.fastq.gz,G110PH_V4_40_S40_L001_R2_001.fastq.gz,GAGTGCCAGCMGCCGCGGTAA,ACGGACTACHVGGGTWTCTAAT,run4
G110TD,G110TD_V4_41_S41_L001_R1_001.fastq.gz,G110TD_V4_41_S41_L001_R2_001.fastq.gz,GAGTGCCAGCMGCCGCGGTAA,ACGGACTACHVGGGTWTCTAAT,run4
G110TH,G110TH_V4_42_S42_L001_R1_001.fastq.gz,G110TH_V4_42_S42_L001_R2_001.fastq.gz,GAGTGCCAGCMGCCGCGGTAA,ACGGACTACHVGGGTWTCTAAT,run4
G116GD,G116GD_V4_97_S24_L001_R1_001.fastq.gz,G116GD_V4_97_S24_L001_R2_001.fastq.gz,GAGTGCCAGCMGCCGCGGTAA,ACGGACTACHVGGGTWTCTAAT,run1
G116GH,G116GH_V4_98_S25_L001_R1_001.fastq.gz,G116GH_V4_98_S25_L001_R2_001.fastq.gz,GAGTGCCAGCMGCCGCGGTAA,ACGGACTACHVGGGTWTCTAAT,run1
G116PD,G116PD_V4_99_S26_L001_R1_001.fastq.gz,G116PD_V4_99_S26_L001_R2_001.fastq.gz,GAGTGCCAGCMGCCGCGGTAA,ACGGACTACHVGGGTWTCTAAT,run1
G116PH,G116PH_V4_100_S27_L001_R1_001.fastq.gz,G116PH_V4_100_S27_L001_R2_001.fastq.gz,GAGTGCCAGCMGCCGCGGTAA,ACGGACTACHVGGGTWTCTAAT,run1
G116TD,G116TD_V4_54_S54_L001_R1_001.fastq.gz,G116TD_V4_54_S54_L001_R2_001.fastq.gz,GAGTGCCAGCMGCCGCGGTAA,ACGGACTACHVGGGTWTCTAAT,run4
G116TH,G116TH_V4_102_S28_L001_R1_001.fastq.gz,G116TH_V4_102_S28_L001_R2_001.fastq.gz,GAGTGCCAGCMGCCGCGGTAA,ACGGACTACHVGGGTWTCTAAT,run1
G203GD,G203GD_V4_31_S31_L001_R1_001.fastq.gz,G203GD_V4_31_S31_L001_R2_001.fastq.gz,GAGTGCCAGCMGCCGCGGTAA,ACGGACTACHVGGGTWTCTAAT,run4
G203GH,G203GH_V4_32_S32_L001_R1_001.fastq.gz,G203GH_V4_32_S32_L001_R2_001.fastq.gz,GAGTGCCAGCMGCCGCGGTAA,ACGGACTACHVGGGTWTCTAAT,run4
G203PD,G203PD_V4_33_S33_L001_R1_001.fastq.gz,G203PD_V4_33_S33_L001_R2_001.fastq.gz,GAGTGCCAGCMGCCGCGGTAA,ACGGACTACHVGGGTWTCTAAT,run4
G203PH,G203PH_V4_34_S34_L001_R1_001.fastq.gz,G203PH_V4_34_S34_L001_R2_001.fastq.gz,GAGTGCCAGCMGCCGCGGTAA,ACGGACTACHVGGGTWTCTAAT,run4
G203TD,G203TD_V4_35_S35_L001_R1_001.fastq.gz,G203TD_V4_35_S35_L001_R2_001.fastq.gz,GAGTGCCAGCMGCCGCGGTAA,ACGGACTACHVGGGTWTCTAAT,run4
G203TH,G203TH_V4_36_S36_L001_R1_001.fastq.gz,G203TH_V4_36_S36_L001_R2_001.fastq.gz,GAGTGCCAGCMGCCGCGGTAA,ACGGACTACHVGGGTWTCTAAT,run4
G206GD,G206GD_V4_30_S30_L001_R1_001.fastq.gz,G206GD_V4_30_S30_L001_R2_001.fastq.gz,GAGTGCCAGCMGCCGCGGTAA,ACGGACTACHVGGGTWTCTAAT,run8
G206GH,G206GH_V4_25_S25_L001_R1_001.fastq.gz,G206GH_V4_25_S25_L001_R2_001.fastq.gz,GAGTGCCAGCMGCCGCGGTAA,ACGGACTACHVGGGTWTCTAAT,run8
G206PD,G206PD_V4_32_S32_L001_R1_001.fastq.gz,G206PD_V4_32_S32_L001_R2_001.fastq.gz,GAGTGCCAGCMGCCGCGGTAA,ACGGACTACHVGGGTWTCTAAT,run7
G206PH,G206PH_V4_38_S38_L001_R1_001.fastq.gz,G206PH_V4_38_S38_L001_R2_001.fastq.gz,GAGTGCCAGCMGCCGCGGTAA,ACGGACTACHVGGGTWTCTAAT,run7
G206TD,G206TD_V4_31_S31_L001_R1_001.fastq.gz,G206TD_V4_31_S31_L001_R2_001.fastq.gz,GAGTGCCAGCMGCCGCGGTAA,ACGGACTACHVGGGTWTCTAAT,run6
G206TH,G206TH_V4_25_S25_L001_R1_001.fastq.gz,G206TH_V4_25_S25_L001_R2_001.fastq.gz,GAGTGCCAGCMGCCGCGGTAA,ACGGACTACHVGGGTWTCTAAT,run6
G207GD,G207GD_V4_29_S29_L001_R1_001.fastq.gz,G207GD_V4_29_S29_L001_R2_001.fastq.gz,GAGTGCCAGCMGCCGCGGTAA,ACGGACTACHVGGGTWTCTAAT,run8
G207GH,G207GH_V4_27_S27_L001_R1_001.fastq.gz,G207GH_V4_27_S27_L001_R2_001.fastq.gz,GAGTGCCAGCMGCCGCGGTAA,ACGGACTACHVGGGTWTCTAAT,run8
G207PD,G207PD_V4_31_S31_L001_R1_001.fastq.gz,G207PD_V4_31_S31_L001_R2_001.fastq.gz,GAGTGCCAGCMGCCGCGGTAA,ACGGACTACHVGGGTWTCTAAT,run5
G207PH,G207PH_V4_25_S25_L001_R1_001.fastq.gz,G207PH_V4_25_S25_L001_R2_001.fastq.gz,GAGTGCCAGCMGCCGCGGTAA,ACGGACTACHVGGGTWTCTAAT,run7
G207TD,G207TD_V4_43_S43_L001_R1_001.fastq.gz,G207TD_V4_43_S43_L001_R2_001.fastq.gz,GAGTGCCAGCMGCCGCGGTAA,ACGGACTACHVGGGTWTCTAAT,run6
G207TH,G207TH_V4_37_S37_L001_R1_001.fastq.gz,G207TH_V4_37_S37_L001_R2_001.fastq.gz,GAGTGCCAGCMGCCGCGGTAA,ACGGACTACHVGGGTWTCTAAT,run6
G208GD,G208GD_V4_47_S47_L001_R1_001.fastq.gz,G208GD_V4_47_S47_L001_R2_001.fastq.gz,GAGTGCCAGCMGCCGCGGTAA,ACGGACTACHVGGGTWTCTAAT,run7
G208GH,G208GH_V4_48_S48_L001_R1_001.fastq.gz,G208GH_V4_48_S48_L001_R2_001.fastq.gz,GAGTGCCAGCMGCCGCGGTAA,ACGGACTACHVGGGTWTCTAAT,run7
G208PD,G208PD_V4_44_S44_L001_R1_001.fastq.gz,G208PD_V4_44_S44_L001_R2_001.fastq.gz,GAGTGCCAGCMGCCGCGGTAA,ACGGACTACHVGGGTWTCTAAT,run6
G208PH,G208PH_V4_26_S26_L001_R1_001.fastq.gz,G208PH_V4_26_S26_L001_R2_001.fastq.gz,GAGTGCCAGCMGCCGCGGTAA,ACGGACTACHVGGGTWTCTAAT,run7
G208TD,G208TD_V4_37_S37_L001_R1_001.fastq.gz,G208TD_V4_37_S37_L001_R2_001.fastq.gz,GAGTGCCAGCMGCCGCGGTAA,ACGGACTACHVGGGTWTCTAAT,run5
G208TH,G208TH_V4_43_S43_L001_R1_001.fastq.gz,G208TH_V4_43_S43_L001_R2_001.fastq.gz,GAGTGCCAGCMGCCGCGGTAA,ACGGACTACHVGGGTWTCTAAT,run5
G213GD,G213GD_V4_103_S29_L001_R1_001.fastq.gz,G213GD_V4_103_S29_L001_R2_001.fastq.gz,GAGTGCCAGCMGCCGCGGTAA,ACGGACTACHVGGGTWTCTAAT,run1
G213GH,G213GH_V4_104_S30_L001_R1_001.fastq.gz,G213GH_V4_104_S30_L001_R2_001.fastq.gz,GAGTGCCAGCMGCCGCGGTAA,ACGGACTACHVGGGTWTCTAAT,run1
G213PD,G213PD_V4_105_S31_L001_R1_001.fastq.gz,G213PD_V4_105_S31_L001_R2_001.fastq.gz,GAGTGCCAGCMGCCGCGGTAA,ACGGACTACHVGGGTWTCTAAT,run1
G213PH,G213PH_V4_106_S32_L001_R1_001.fastq.gz,G213PH_V4_106_S32_L001_R2_001.fastq.gz,GAGTGCCAGCMGCCGCGGTAA,ACGGACTACHVGGGTWTCTAAT,run1
G213TD,G213TD_V4_107_S33_L001_R1_001.fastq.gz,G213TD_V4_107_S33_L001_R2_001.fastq.gz,GAGTGCCAGCMGCCGCGGTAA,ACGGACTACHVGGGTWTCTAAT,run1
G213TH,G213TH_V4_108_S34_L001_R1_001.fastq.gz,G213TH_V4_108_S34_L001_R2_001.fastq.gz,GAGTGCCAGCMGCCGCGGTAA,ACGGACTACHVGGGTWTCTAAT,run1
G217GD,G217GD_V4_109_S35_L001_R1_001.fastq.gz,G217GD_V4_109_S35_L001_R2_001.fastq.gz,GAGTGCCAGCMGCCGCGGTAA,ACGGACTACHVGGGTWTCTAAT,run1
G217GH,G217GH_V4_110_S36_L001_R1_001.fastq.gz,G217GH_V4_110_S36_L001_R2_001.fastq.gz,GAGTGCCAGCMGCCGCGGTAA,ACGGACTACHVGGGTWTCTAAT,run1
G217PD,G217PD_V4_111_S37_L001_R1_001.fastq.gz,G217PD_V4_111_S37_L001_R2_001.fastq.gz,GAGTGCCAGCMGCCGCGGTAA,ACGGACTACHVGGGTWTCTAAT,run1
G217PH,G217PH_V4_112_S38_L001_R1_001.fastq.gz,G217PH_V4_112_S38_L001_R2_001.fastq.gz,GAGTGCCAGCMGCCGCGGTAA,ACGGACTACHVGGGTWTCTAAT,run1
G217TD,G217TD_V4_113_S39_L001_R1_001.fastq.gz,G217TD_V4_113_S39_L001_R2_001.fastq.gz,GAGTGCCAGCMGCCGCGGTAA,ACGGACTACHVGGGTWTCTAAT,run1
G217TH,G217TH_V4_114_S40_L001_R1_001.fastq.gz,G217TH_V4_114_S40_L001_R2_001.fastq.gz,GAGTGCCAGCMGCCGCGGTAA,ACGGACTACHVGGGTWTCTAAT,run1
G219GD,G219GD_V4_37_S37_L001_R1_001.fastq.gz,G219GD_V4_37_S37_L001_R2_001.fastq.gz,GAGTGCCAGCMGCCGCGGTAA,ACGGACTACHVGGGTWTCTAAT,run8
G219GH,G219GH_V4_34_S34_L001_R1_001.fastq.gz,G219GH_V4_34_S34_L001_R2_001.fastq.gz,GAGTGCCAGCMGCCGCGGTAA,ACGGACTACHVGGGTWTCTAAT,run8
G219PD,G219PD_V4_25_S25_L001_R1_001.fastq.gz,G219PD_V4_25_S25_L001_R2_001.fastq.gz,GAGTGCCAGCMGCCGCGGTAA,ACGGACTACHVGGGTWTCTAAT,run5
G219PH,G219PH_V4_43_S43_L001_R1_001.fastq.gz,G219PH_V4_43_S43_L001_R2_001.fastq.gz,GAGTGCCAGCMGCCGCGGTAA,ACGGACTACHVGGGTWTCTAAT,run7
G219TD,G219TD_V4_31_S31_L001_R1_001.fastq.gz,G219TD_V4_31_S31_L001_R2_001.fastq.gz,GAGTGCCAGCMGCCGCGGTAA,ACGGACTACHVGGGTWTCTAAT,run7
G219TH,G219TH_V4_37_S37_L001_R1_001.fastq.gz,G219TH_V4_37_S37_L001_R2_001.fastq.gz,GAGTGCCAGCMGCCGCGGTAA,ACGGACTACHVGGGTWTCTAAT,run7
L101GD,L101GD_V4_115_S41_L001_R1_001.fastq.gz,L101GD_V4_115_S41_L001_R2_001.fastq.gz,GAGTGCCAGCMGCCGCGGTAA,ACGGACTACHVGGGTWTCTAAT,run1
L101GH,L101GH_V4_116_S42_L001_R1_001.fastq.gz,L101GH_V4_116_S42_L001_R2_001.fastq.gz,GAGTGCCAGCMGCCGCGGTAA,ACGGACTACHVGGGTWTCTAAT,run1
L101PD,L101PD_V4_117_S43_L001_R1_001.fastq.gz,L101PD_V4_117_S43_L001_R2_001.fastq.gz,GAGTGCCAGCMGCCGCGGTAA,ACGGACTACHVGGGTWTCTAAT,run1
L101PH,L101PH_V4_118_S44_L001_R1_001.fastq.gz,L101PH_V4_118_S44_L001_R2_001.fastq.gz,GAGTGCCAGCMGCCGCGGTAA,ACGGACTACHVGGGTWTCTAAT,run1
L101TD,L101TD_V4_119_S45_L001_R1_001.fastq.gz,L101TD_V4_119_S45_L001_R2_001.fastq.gz,GAGTGCCAGCMGCCGCGGTAA,ACGGACTACHVGGGTWTCTAAT,run1
L101TH,L101TH_V4_120_S46_L001_R1_001.fastq.gz,L101TH_V4_120_S46_L001_R2_001.fastq.gz,GAGTGCCAGCMGCCGCGGTAA,ACGGACTACHVGGGTWTCTAAT,run1
L102GD,L102GD_V4_51_S51_L001_R1_001.fastq.gz,L102GD_V4_51_S51_L001_R2_001.fastq.gz,GAGTGCCAGCMGCCGCGGTAA,ACGGACTACHVGGGTWTCTAAT,run4
L102GH,L102GH_V4_51_S51_L001_R1_001.fastq.gz,L102GH_V4_51_S51_L001_R2_001.fastq.gz,GAGTGCCAGCMGCCGCGGTAA,ACGGACTACHVGGGTWTCTAAT,run2
L102PD,L102PD_V4_45_S45_L001_R1_001.fastq.gz,L102PD_V4_45_S45_L001_R2_001.fastq.gz,GAGTGCCAGCMGCCGCGGTAA,ACGGACTACHVGGGTWTCTAAT,run7
L102PH,L102PH_V4_34_S34_L001_R1_001.fastq.gz,L102PH_V4_34_S34_L001_R2_001.fastq.gz,GAGTGCCAGCMGCCGCGGTAA,ACGGACTACHVGGGTWTCTAAT,run7
L102TD,L102TD_V4_40_S40_L001_R1_001.fastq.gz,L102TD_V4_40_S40_L001_R2_001.fastq.gz,GAGTGCCAGCMGCCGCGGTAA,ACGGACTACHVGGGTWTCTAAT,run7
L102TH,L102TH_V4_46_S46_L001_R1_001.fastq.gz,L102TH_V4_46_S46_L001_R2_001.fastq.gz,GAGTGCCAGCMGCCGCGGTAA,ACGGACTACHVGGGTWTCTAAT,run6
L103GD,L103GD_V4_41_S41_L001_R1_001.fastq.gz,L103GD_V4_41_S41_L001_R2_001.fastq.gz,GAGTGCCAGCMGCCGCGGTAA,ACGGACTACHVGGGTWTCTAAT,run8
L103GH,L103GH_V4_46_S46_L001_R1_001.fastq.gz,L103GH_V4_46_S46_L001_R2_001.fastq.gz,GAGTGCCAGCMGCCGCGGTAA,ACGGACTACHVGGGTWTCTAAT,run8
L103PD,L103PD_V4_33_S33_L001_R1_001.fastq.gz,L103PD_V4_33_S33_L001_R2_001.fastq.gz,GAGTGCCAGCMGCCGCGGTAA,ACGGACTACHVGGGTWTCTAAT,run6
L103PH,L103PH_V4_27_S27_L001_R1_001.fastq.gz,L103PH_V4_27_S27_L001_R2_001.fastq.gz,GAGTGCCAGCMGCCGCGGTAA,ACGGACTACHVGGGTWTCTAAT,run6
L103TD,L103TD_V4_39_S39_L001_R1_001.fastq.gz,L103TD_V4_39_S39_L001_R2_001.fastq.gz,GAGTGCCAGCMGCCGCGGTAA,ACGGACTACHVGGGTWTCTAAT,run7
L103TH,L103TH_V4_28_S28_L001_R1_001.fastq.gz,L103TH_V4_28_S28_L001_R2_001.fastq.gz,GAGTGCCAGCMGCCGCGGTAA,ACGGACTACHVGGGTWTCTAAT,run7
L104GD,L104GD_V4_25_S25_L001_R1_001.fastq.gz,L104GD_V4_25_S25_L001_R2_001.fastq.gz,GAGTGCCAGCMGCCGCGGTAA,ACGGACTACHVGGGTWTCTAAT,run2
L104GH,L104GH_V4_26_S26_L001_R1_001.fastq.gz,L104GH_V4_26_S26_L001_R2_001.fastq.gz,GAGTGCCAGCMGCCGCGGTAA,ACGGACTACHVGGGTWTCTAAT,run2
L104PD,L104PD_V4_27_S27_L001_R1_001.fastq.gz,L104PD_V4_27_S27_L001_R2_001.fastq.gz,GAGTGCCAGCMGCCGCGGTAA,ACGGACTACHVGGGTWTCTAAT,run2
L104PH,L104PH_V4_28_S28_L001_R1_001.fastq.gz,L104PH_V4_28_S28_L001_R2_001.fastq.gz,GAGTGCCAGCMGCCGCGGTAA,ACGGACTACHVGGGTWTCTAAT,run2
L104TD,L104TD_V4_29_S29_L001_R1_001.fastq.gz,L104TD_V4_29_S29_L001_R2_001.fastq.gz,GAGTGCCAGCMGCCGCGGTAA,ACGGACTACHVGGGTWTCTAAT,run2
L104TH,L104TH_V4_30_S30_L001_R1_001.fastq.gz,L104TH_V4_30_S30_L001_R2_001.fastq.gz,GAGTGCCAGCMGCCGCGGTAA,ACGGACTACHVGGGTWTCTAAT,run2
L106GD,L106GD_V4_52_S52_L001_R1_001.fastq.gz,L106GD_V4_52_S52_L001_R2_001.fastq.gz,GAGTGCCAGCMGCCGCGGTAA,ACGGACTACHVGGGTWTCTAAT,run3
L106GH,L106GH_V4_51_S51_L001_R1_001.fastq.gz,L106GH_V4_51_S51_L001_R2_001.fastq.gz,GAGTGCCAGCMGCCGCGGTAA,ACGGACTACHVGGGTWTCTAAT,run3
L106PD,L106PD_V4_38_S38_L001_R1_001.fastq.gz,L106PD_V4_38_S38_L001_R2_001.fastq.gz,GAGTGCCAGCMGCCGCGGTAA,ACGGACTACHVGGGTWTCTAAT,run6
L106PH,L106PH_V4_32_S32_L001_R1_001.fastq.gz,L106PH_V4_32_S32_L001_R2_001.fastq.gz,GAGTGCCAGCMGCCGCGGTAA,ACGGACTACHVGGGTWTCTAAT,run6
L106TD,L106TD_V4_44_S44_L001_R1_001.fastq.gz,L106TD_V4_44_S44_L001_R2_001.fastq.gz,GAGTGCCAGCMGCCGCGGTAA,ACGGACTACHVGGGTWTCTAAT,run7
L106TH,L106TH_V4_39_S39_L001_R1_001.fastq.gz,L106TH_V4_39_S39_L001_R2_001.fastq.gz,GAGTGCCAGCMGCCGCGGTAA,ACGGACTACHVGGGTWTCTAAT,run5
L108GD,L108GD_V4_39_S39_L001_R1_001.fastq.gz,L108GD_V4_39_S39_L001_R2_001.fastq.gz,GAGTGCCAGCMGCCGCGGTAA,ACGGACTACHVGGGTWTCTAAT,run8
L108GH,L108GH_V4_398_S50_L001_R1_001.fastq.gz,L108GH_V4_398_S50_L001_R2_001.fastq.gz,GAGTGCCAGCMGCCGCGGTAA,ACGGACTACHVGGGTWTCTAAT,run1
L108PD,L108PD_V4_44_S44_L001_R1_001.fastq.gz,L108PD_V4_44_S44_L001_R2_001.fastq.gz,GAGTGCCAGCMGCCGCGGTAA,ACGGACTACHVGGGTWTCTAAT,run5
L108PH,L108PH_V4_32_S32_L001_R1_001.fastq.gz,L108PH_V4_32_S32_L001_R2_001.fastq.gz,GAGTGCCAGCMGCCGCGGTAA,ACGGACTACHVGGGTWTCTAAT,run5
L108TD,L108TD_V4_27_S27_L001_R1_001.fastq.gz,L108TD_V4_27_S27_L001_R2_001.fastq.gz,GAGTGCCAGCMGCCGCGGTAA,ACGGACTACHVGGGTWTCTAAT,run7
L108TH,L108TH_V4_45_S45_L001_R1_001.fastq.gz,L108TH_V4_45_S45_L001_R2_001.fastq.gz,GAGTGCCAGCMGCCGCGGTAA,ACGGACTACHVGGGTWTCTAAT,run5
L110GD,L110GD_V4_31_S31_L001_R1_001.fastq.gz,L110GD_V4_31_S31_L001_R2_001.fastq.gz,GAGTGCCAGCMGCCGCGGTAA,ACGGACTACHVGGGTWTCTAAT,run2
L110GH,L110GH_V4_32_S32_L001_R1_001.fastq.gz,L110GH_V4_32_S32_L001_R2_001.fastq.gz,GAGTGCCAGCMGCCGCGGTAA,ACGGACTACHVGGGTWTCTAAT,run2
L110PD,L110PD_V4_33_S33_L001_R1_001.fastq.gz,L110PD_V4_33_S33_L001_R2_001.fastq.gz,GAGTGCCAGCMGCCGCGGTAA,ACGGACTACHVGGGTWTCTAAT,run2
L110PH,L110PH_V4_34_S34_L001_R1_001.fastq.gz,L110PH_V4_34_S34_L001_R2_001.fastq.gz,GAGTGCCAGCMGCCGCGGTAA,ACGGACTACHVGGGTWTCTAAT,run2
L110TD,L110TD_V4_35_S35_L001_R1_001.fastq.gz,L110TD_V4_35_S35_L001_R2_001.fastq.gz,GAGTGCCAGCMGCCGCGGTAA,ACGGACTACHVGGGTWTCTAAT,run2
L110TH,L110TH_V4_36_S36_L001_R1_001.fastq.gz,L110TH_V4_36_S36_L001_R2_001.fastq.gz,GAGTGCCAGCMGCCGCGGTAA,ACGGACTACHVGGGTWTCTAAT,run2
L201GD,L201GD_V4_52_S52_L001_R1_001.fastq.gz,L201GD_V4_52_S52_L001_R2_001.fastq.gz,GAGTGCCAGCMGCCGCGGTAA,ACGGACTACHVGGGTWTCTAAT,run2
L201GH,L201GH_V4_52_S52_L001_R1_001.fastq.gz,L201GH_V4_52_S52_L001_R2_001.fastq.gz,GAGTGCCAGCMGCCGCGGTAA,ACGGACTACHVGGGTWTCTAAT,run4
L201PD,L201PD_V4_38_S38_L001_R1_001.fastq.gz,L201PD_V4_38_S38_L001_R2_001.fastq.gz,GAGTGCCAGCMGCCGCGGTAA,ACGGACTACHVGGGTWTCTAAT,run5
L201PH,L201PH_V4_33_S33_L001_R1_001.fastq.gz,L201PH_V4_33_S33_L001_R2_001.fastq.gz,GAGTGCCAGCMGCCGCGGTAA,ACGGACTACHVGGGTWTCTAAT,run7
L201TD,L201TD_V4_39_S39_L001_R1_001.fastq.gz,L201TD_V4_39_S39_L001_R2_001.fastq.gz,GAGTGCCAGCMGCCGCGGTAA,ACGGACTACHVGGGTWTCTAAT,run6
L201TH,L201TH_V4_27_S27_L001_R1_001.fastq.gz,L201TH_V4_27_S27_L001_R2_001.fastq.gz,GAGTGCCAGCMGCCGCGGTAA,ACGGACTACHVGGGTWTCTAAT,run5
L202GD,L202GD_V4_35_S35_L001_R1_001.fastq.gz,L202GD_V4_35_S35_L001_R2_001.fastq.gz,GAGTGCCAGCMGCCGCGGTAA,ACGGACTACHVGGGTWTCTAAT,run8
L202GH,L202GH_V4_31_S31_L001_R1_001.fastq.gz,L202GH_V4_31_S31_L001_R2_001.fastq.gz,GAGTGCCAGCMGCCGCGGTAA,ACGGACTACHVGGGTWTCTAAT,run8
L202PD,L202PD_V4_26_S26_L001_R1_001.fastq.gz,L202PD_V4_26_S26_L001_R2_001.fastq.gz,GAGTGCCAGCMGCCGCGGTAA,ACGGACTACHVGGGTWTCTAAT,run6
L202PH,L202PH_V4_26_S26_L001_R1_001.fastq.gz,L202PH_V4_26_S26_L001_R2_001.fastq.gz,GAGTGCCAGCMGCCGCGGTAA,ACGGACTACHVGGGTWTCTAAT,run5
L202TD,L202TD_V4_45_S45_L001_R1_001.fastq.gz,L202TD_V4_45_S45_L001_R2_001.fastq.gz,GAGTGCCAGCMGCCGCGGTAA,ACGGACTACHVGGGTWTCTAAT,run6
L202TH,L202TH_V4_33_S33_L001_R1_001.fastq.gz,L202TH_V4_33_S33_L001_R2_001.fastq.gz,GAGTGCCAGCMGCCGCGGTAA,ACGGACTACHVGGGTWTCTAAT,run5
L205GD,L205GD_V4_28_S28_L001_R1_001.fastq.gz,L205GD_V4_28_S28_L001_R2_001.fastq.gz,GAGTGCCAGCMGCCGCGGTAA,ACGGACTACHVGGGTWTCTAAT,run8
L205GH,L205GH_V4_44_S44_L001_R1_001.fastq.gz,L205GH_V4_44_S44_L001_R2_001.fastq.gz,GAGTGCCAGCMGCCGCGGTAA,ACGGACTACHVGGGTWTCTAAT,run8
L205PD,L205PD_V4_34_S34_L001_R1_001.fastq.gz,L205PD_V4_34_S34_L001_R2_001.fastq.gz,GAGTGCCAGCMGCCGCGGTAA,ACGGACTACHVGGGTWTCTAAT,run6
L205PH,L205PH_V4_40_S40_L001_R1_001.fastq.gz,L205PH_V4_40_S40_L001_R2_001.fastq.gz,GAGTGCCAGCMGCCGCGGTAA,ACGGACTACHVGGGTWTCTAAT,run6
L205TD,L205TD_V4_46_S46_L001_R1_001.fastq.gz,L205TD_V4_46_S46_L001_R2_001.fastq.gz,GAGTGCCAGCMGCCGCGGTAA,ACGGACTACHVGGGTWTCTAAT,run5
L205TH,L205TH_V4_28_S28_L001_R1_001.fastq.gz,L205TH_V4_28_S28_L001_R2_001.fastq.gz,GAGTGCCAGCMGCCGCGGTAA,ACGGACTACHVGGGTWTCTAAT,run6
L209GD,L209GD_V4_37_S37_L001_R1_001.fastq.gz,L209GD_V4_37_S37_L001_R2_001.fastq.gz,GAGTGCCAGCMGCCGCGGTAA,ACGGACTACHVGGGTWTCTAAT,run2
L209GH,L209GH_V4_38_S38_L001_R1_001.fastq.gz,L209GH_V4_38_S38_L001_R2_001.fastq.gz,GAGTGCCAGCMGCCGCGGTAA,ACGGACTACHVGGGTWTCTAAT,run2
L209PD,L209PD_V4_39_S39_L001_R1_001.fastq.gz,L209PD_V4_39_S39_L001_R2_001.fastq.gz,GAGTGCCAGCMGCCGCGGTAA,ACGGACTACHVGGGTWTCTAAT,run2
L209PH,L209PH_V4_40_S40_L001_R1_001.fastq.gz,L209PH_V4_40_S40_L001_R2_001.fastq.gz,GAGTGCCAGCMGCCGCGGTAA,ACGGACTACHVGGGTWTCTAAT,run2
L209TD,L209TD_V4_41_S41_L001_R1_001.fastq.gz,L209TD_V4_41_S41_L001_R2_001.fastq.gz,GAGTGCCAGCMGCCGCGGTAA,ACGGACTACHVGGGTWTCTAAT,run2
L209TH,L209TH_V4_42_S42_L001_R1_001.fastq.gz,L209TH_V4_42_S42_L001_R2_001.fastq.gz,GAGTGCCAGCMGCCGCGGTAA,ACGGACTACHVGGGTWTCTAAT,run2
L211DH,L211DH_V4_44_S44_L001_R1_001.fastq.gz,L211DH_V4_44_S44_L001_R2_001.fastq.gz,GAGTGCCAGCMGCCGCGGTAA,ACGGACTACHVGGGTWTCTAAT,run2
L211GD,L211GD_V4_43_S43_L001_R1_001.fastq.gz,L211GD_V4_43_S43_L001_R2_001.fastq.gz,GAGTGCCAGCMGCCGCGGTAA,ACGGACTACHVGGGTWTCTAAT,run2
L211PD,L211PD_V4_45_S45_L001_R1_001.fastq.gz,L211PD_V4_45_S45_L001_R2_001.fastq.gz,GAGTGCCAGCMGCCGCGGTAA,ACGGACTACHVGGGTWTCTAAT,run2
L211PH,L211PH_V4_46_S46_L001_R1_001.fastq.gz,L211PH_V4_46_S46_L001_R2_001.fastq.gz,GAGTGCCAGCMGCCGCGGTAA,ACGGACTACHVGGGTWTCTAAT,run2
L211TD,L211TD_V4_47_S47_L001_R1_001.fastq.gz,L211TD_V4_47_S47_L001_R2_001.fastq.gz,GAGTGCCAGCMGCCGCGGTAA,ACGGACTACHVGGGTWTCTAAT,run2
L211TH,L211TH_V4_48_S48_L001_R1_001.fastq.gz,L211TH_V4_48_S48_L001_R2_001.fastq.gz,GAGTGCCAGCMGCCGCGGTAA,ACGGACTACHVGGGTWTCTAAT,run2
L212GD,L212GD_V4_25_S25_L001_R1_001.fastq.gz,L212GD_V4_25_S25_L001_R2_001.fastq.gz,GAGTGCCAGCMGCCGCGGTAA,ACGGACTACHVGGGTWTCTAAT,run3
L212GH,L212GH_V4_26_S26_L001_R1_001.fastq.gz,L212GH_V4_26_S26_L001_R2_001.fastq.gz,GAGTGCCAGCMGCCGCGGTAA,ACGGACTACHVGGGTWTCTAAT,run3
L212PD,L212PD_V4_27_S27_L001_R1_001.fastq.gz,L212PD_V4_27_S27_L001_R2_001.fastq.gz,GAGTGCCAGCMGCCGCGGTAA,ACGGACTACHVGGGTWTCTAAT,run3
L212PH,L212PH_V4_28_S28_L001_R1_001.fastq.gz,L212PH_V4_28_S28_L001_R2_001.fastq.gz,GAGTGCCAGCMGCCGCGGTAA,ACGGACTACHVGGGTWTCTAAT,run3
L212TD,L212TD_V4_29_S29_L001_R1_001.fastq.gz,L212TD_V4_29_S29_L001_R2_001.fastq.gz,GAGTGCCAGCMGCCGCGGTAA,ACGGACTACHVGGGTWTCTAAT,run3
L212TH,L212TH_V4_30_S30_L001_R1_001.fastq.gz,L212TH_V4_30_S30_L001_R2_001.fastq.gz,GAGTGCCAGCMGCCGCGGTAA,ACGGACTACHVGGGTWTCTAAT,run3
L215GD,L215GD_V4_31_S31_L001_R1_001.fastq.gz,L215GD_V4_31_S31_L001_R2_001.fastq.gz,GAGTGCCAGCMGCCGCGGTAA,ACGGACTACHVGGGTWTCTAAT,run3
L215GH,L215GH_V4_32_S32_L001_R1_001.fastq.gz,L215GH_V4_32_S32_L001_R2_001.fastq.gz,GAGTGCCAGCMGCCGCGGTAA,ACGGACTACHVGGGTWTCTAAT,run3
L215PD,L215PD_V4_33_S33_L001_R1_001.fastq.gz,L215PD_V4_33_S33_L001_R2_001.fastq.gz,GAGTGCCAGCMGCCGCGGTAA,ACGGACTACHVGGGTWTCTAAT,run3
L215PH,L215PH_V4_34_S34_L001_R1_001.fastq.gz,L215PH_V4_34_S34_L001_R2_001.fastq.gz,GAGTGCCAGCMGCCGCGGTAA,ACGGACTACHVGGGTWTCTAAT,run3
L215TD,L215TD_V4_35_S35_L001_R1_001.fastq.gz,L215TD_V4_35_S35_L001_R2_001.fastq.gz,GAGTGCCAGCMGCCGCGGTAA,ACGGACTACHVGGGTWTCTAAT,run3
L215TH,L215TH_V4_36_S36_L001_R1_001.fastq.gz,L215TH_V4_36_S36_L001_R2_001.fastq.gz,GAGTGCCAGCMGCCGCGGTAA,ACGGACTACHVGGGTWTCTAAT,run3
L216GD,L216GD_V4_37_S37_L001_R1_001.fastq.gz,L216GD_V4_37_S37_L001_R2_001.fastq.gz,GAGTGCCAGCMGCCGCGGTAA,ACGGACTACHVGGGTWTCTAAT,run3
L216GH,L216GH_V4_38_S38_L001_R1_001.fastq.gz,L216GH_V4_38_S38_L001_R2_001.fastq.gz,GAGTGCCAGCMGCCGCGGTAA,ACGGACTACHVGGGTWTCTAAT,run3
L216PD,L216PD_V4_39_S39_L001_R1_001.fastq.gz,L216PD_V4_39_S39_L001_R2_001.fastq.gz,GAGTGCCAGCMGCCGCGGTAA,ACGGACTACHVGGGTWTCTAAT,run3
L216PH,L216PH_V4_40_S40_L001_R1_001.fastq.gz,L216PH_V4_40_S40_L001_R2_001.fastq.gz,GAGTGCCAGCMGCCGCGGTAA,ACGGACTACHVGGGTWTCTAAT,run3
L216TD,L216TD_V4_41_S41_L001_R1_001.fastq.gz,L216TD_V4_41_S41_L001_R2_001.fastq.gz,GAGTGCCAGCMGCCGCGGTAA,ACGGACTACHVGGGTWTCTAAT,run3
L216TH,L216TH_V4_42_S42_L001_R1_001.fastq.gz,L216TH_V4_42_S42_L001_R2_001.fastq.gz,GAGTGCCAGCMGCCGCGGTAA,ACGGACTACHVGGGTWTCTAAT,run3
L218GD,L218GD_V4_43_S43_L001_R1_001.fastq.gz,L218GD_V4_43_S43_L001_R2_001.fastq.gz,GAGTGCCAGCMGCCGCGGTAA,ACGGACTACHVGGGTWTCTAAT,run3
L218GH,L218GH_V4_44_S44_L001_R1_001.fastq.gz,L218GH_V4_44_S44_L001_R2_001.fastq.gz,GAGTGCCAGCMGCCGCGGTAA,ACGGACTACHVGGGTWTCTAAT,run3
L218PD,L218PD_V4_45_S45_L001_R1_001.fastq.gz,L218PD_V4_45_S45_L001_R2_001.fastq.gz,GAGTGCCAGCMGCCGCGGTAA,ACGGACTACHVGGGTWTCTAAT,run3
L218PH,L218PH_V4_46_S46_L001_R1_001.fastq.gz,L218PH_V4_46_S46_L001_R2_001.fastq.gz,GAGTGCCAGCMGCCGCGGTAA,ACGGACTACHVGGGTWTCTAAT,run3
L218TD,L218TD_V4_47_S47_L001_R1_001.fastq.gz,L218TD_V4_47_S47_L001_R2_001.fastq.gz,GAGTGCCAGCMGCCGCGGTAA,ACGGACTACHVGGGTWTCTAAT,run3
L218TH,L218TH_V4_48_S48_L001_R1_001.fastq.gz,L218TH_V4_48_S48_L001_R2_001.fastq.gz,GAGTGCCAGCMGCCGCGGTAA,ACGGACTACHVGGGTWTCTAAT,run3
L220GD,L220GD_V4_25_S25_L001_R1_001.fastq.gz,L220GD_V4_25_S25_L001_R2_001.fastq.gz,GAGTGCCAGCMGCCGCGGTAA,ACGGACTACHVGGGTWTCTAAT,run4
L220GH,L220GH_V4_26_S26_L001_R1_001.fastq.gz,L220GH_V4_26_S26_L001_R2_001.fastq.gz,GAGTGCCAGCMGCCGCGGTAA,ACGGACTACHVGGGTWTCTAAT,run4
L220PD,L220PD_V4_27_S27_L001_R1_001.fastq.gz,L220PD_V4_27_S27_L001_R2_001.fastq.gz,GAGTGCCAGCMGCCGCGGTAA,ACGGACTACHVGGGTWTCTAAT,run4
L220PH,L220PH_V4_28_S28_L001_R1_001.fastq.gz,L220PH_V4_28_S28_L001_R2_001.fastq.gz,GAGTGCCAGCMGCCGCGGTAA,ACGGACTACHVGGGTWTCTAAT,run4
L220TD,L220TD_V4_29_S29_L001_R1_001.fastq.gz,L220TD_V4_29_S29_L001_R2_001.fastq.gz,GAGTGCCAGCMGCCGCGGTAA,ACGGACTACHVGGGTWTCTAAT,run4
L220TH,L220TH_V4_30_S30_L001_R1_001.fastq.gz,L220TH_V4_30_S30_L001_R2_001.fastq.gz,GAGTGCCAGCMGCCGCGGTAA,ACGGACTACHVGGGTWTCTAAT,run4